-- MySQL dump 10.13  Distrib 5.5.43, for Win64 (x86)
--
-- Host: 184.172.226.132    Database: pro_gproc
-- ------------------------------------------------------
-- Server version	5.5.41-cll-lve

/*!40101 SET @OLD_CHARACTER_SET_CLIENT=@@CHARACTER_SET_CLIENT */;
/*!40101 SET @OLD_CHARACTER_SET_RESULTS=@@CHARACTER_SET_RESULTS */;
/*!40101 SET @OLD_COLLATION_CONNECTION=@@COLLATION_CONNECTION */;
/*!40101 SET NAMES utf8 */;
/*!40103 SET @OLD_TIME_ZONE=@@TIME_ZONE */;
/*!40103 SET TIME_ZONE='+00:00' */;
/*!40014 SET @OLD_UNIQUE_CHECKS=@@UNIQUE_CHECKS, UNIQUE_CHECKS=0 */;
/*!40014 SET @OLD_FOREIGN_KEY_CHECKS=@@FOREIGN_KEY_CHECKS, FOREIGN_KEY_CHECKS=0 */;
/*!40101 SET @OLD_SQL_MODE=@@SQL_MODE, SQL_MODE='NO_AUTO_VALUE_ON_ZERO' */;
/*!40111 SET @OLD_SQL_NOTES=@@SQL_NOTES, SQL_NOTES=0 */;

--
-- Table structure for table `acreditado`
--

DROP TABLE IF EXISTS `acreditado`;
/*!40101 SET @saved_cs_client     = @@character_set_client */;
/*!40101 SET character_set_client = utf8 */;
CREATE TABLE `acreditado` (
  `acre_id` int(11) NOT NULL,
  `user_id` int(11) NOT NULL,
  PRIMARY KEY (`acre_id`),
  UNIQUE KEY `user_id_UNIQUE` (`user_id`),
  KEY `fk_acreditado_user1_idx` (`user_id`),
  CONSTRAINT `fk_acreditado_user1` FOREIGN KEY (`user_id`) REFERENCES `user` (`id`) ON DELETE NO ACTION ON UPDATE NO ACTION
) ENGINE=InnoDB DEFAULT CHARSET=utf8;
/*!40101 SET character_set_client = @saved_cs_client */;

--
-- Dumping data for table `acreditado`
--

LOCK TABLES `acreditado` WRITE;
/*!40000 ALTER TABLE `acreditado` DISABLE KEYS */;
INSERT INTO `acreditado` VALUES (18651,14),(19231,15),(37,16),(158,17),(163,18),(270,19),(111,20),(18711,21),(119,22),(18895,23),(71,24),(52,25),(122,26),(18884,27),(18796,28),(269,29),(18751,30),(18754,31),(248,32),(18659,33),(193,34),(18974,35),(186,36);
/*!40000 ALTER TABLE `acreditado` ENABLE KEYS */;
UNLOCK TABLES;

--
-- Table structure for table `acreditado_etapa`
--

DROP TABLE IF EXISTS `acreditado_etapa`;
/*!40101 SET @saved_cs_client     = @@character_set_client */;
/*!40101 SET character_set_client = utf8 */;
CREATE TABLE `acreditado_etapa` (
  `acet_id` int(11) NOT NULL AUTO_INCREMENT,
  `acet_estado` int(11) DEFAULT NULL,
  `acet_finalizado` int(11) DEFAULT NULL,
  `acev_id` int(11) NOT NULL,
  `evet_id` int(11) NOT NULL,
  PRIMARY KEY (`acet_id`),
  KEY `fk_etapa_acreditado_evento1_idx` (`acev_id`),
  KEY `fk_acreditado_etapa_evento_etapa1_idx` (`evet_id`),
  CONSTRAINT `fk_acreditado_etapa_evento_etapa1` FOREIGN KEY (`evet_id`) REFERENCES `evento_etapa` (`evet_id`) ON DELETE NO ACTION ON UPDATE NO ACTION,
  CONSTRAINT `fk_etapa_acreditado_evento1` FOREIGN KEY (`acev_id`) REFERENCES `acreditado_evento` (`acev_id`) ON DELETE CASCADE ON UPDATE NO ACTION
) ENGINE=InnoDB AUTO_INCREMENT=94 DEFAULT CHARSET=utf8;
/*!40101 SET character_set_client = @saved_cs_client */;

--
-- Dumping data for table `acreditado_etapa`
--

LOCK TABLES `acreditado_etapa` WRITE;
/*!40000 ALTER TABLE `acreditado_etapa` DISABLE KEYS */;
INSERT INTO `acreditado_etapa` VALUES (29,20,NULL,572,6),(30,20,NULL,572,7),(31,10,NULL,572,8),(32,20,NULL,572,9),(33,10,NULL,572,10),(34,20,NULL,580,6),(35,10,NULL,580,7),(36,10,NULL,580,8),(37,10,NULL,580,9),(38,10,NULL,580,10),(39,20,NULL,582,6),(40,10,NULL,582,7),(41,10,NULL,582,8),(42,10,NULL,582,9),(43,10,NULL,582,10),(44,20,NULL,583,6),(45,20,NULL,583,7),(46,10,NULL,583,8),(47,10,NULL,583,9),(48,10,NULL,583,10),(49,20,NULL,591,6),(50,10,NULL,591,7),(51,10,NULL,591,8),(52,10,NULL,591,9),(53,10,NULL,591,10),(54,20,NULL,587,6),(55,10,NULL,587,7),(56,10,NULL,587,8),(57,10,NULL,587,9),(58,10,NULL,587,10),(59,20,NULL,576,6),(60,10,NULL,576,7),(61,10,NULL,576,8),(62,10,NULL,576,9),(63,10,NULL,576,10),(64,20,NULL,586,6),(65,10,NULL,586,7),(66,10,NULL,586,8),(67,10,NULL,586,9),(68,10,NULL,586,10),(69,20,NULL,589,6),(70,10,NULL,589,7),(71,10,NULL,589,8),(72,10,NULL,589,9),(73,10,NULL,589,10),(74,20,NULL,614,6),(75,20,NULL,614,7),(76,10,NULL,614,8),(77,10,NULL,614,9),(78,10,NULL,614,10),(79,20,NULL,594,6),(80,10,NULL,594,7),(81,10,NULL,594,8),(82,10,NULL,594,9),(83,10,NULL,594,10),(84,20,NULL,617,6),(85,10,NULL,617,7),(86,10,NULL,617,8),(87,10,NULL,617,9),(88,10,NULL,617,10),(89,20,NULL,616,11),(90,10,NULL,616,12),(91,10,NULL,616,13),(92,10,NULL,616,14),(93,10,NULL,616,15);
/*!40000 ALTER TABLE `acreditado_etapa` ENABLE KEYS */;
UNLOCK TABLES;

--
-- Table structure for table `acreditado_etapa_ficha`
--

DROP TABLE IF EXISTS `acreditado_etapa_ficha`;
/*!40101 SET @saved_cs_client     = @@character_set_client */;
/*!40101 SET character_set_client = utf8 */;
CREATE TABLE `acreditado_etapa_ficha` (
  `acef_id` int(11) NOT NULL AUTO_INCREMENT,
  `acef_data` text,
  `acef_path` varchar(150) DEFAULT NULL,
  `acef_code` varchar(3) DEFAULT NULL,
  `acef_estado` int(11) DEFAULT NULL,
  `acet_id` int(11) NOT NULL,
  `evef_id` int(11) NOT NULL,
  PRIMARY KEY (`acef_id`),
  KEY `fk_acreditado_etapa_ficha_acreditado_etapa1_idx` (`acet_id`),
  KEY `fk_acreditado_etapa_ficha_evento_etapa_ficha1_idx` (`evef_id`),
  CONSTRAINT `fk_acreditado_etapa_ficha_acreditado_etapa1` FOREIGN KEY (`acet_id`) REFERENCES `acreditado_etapa` (`acet_id`) ON DELETE CASCADE ON UPDATE NO ACTION,
  CONSTRAINT `fk_acreditado_etapa_ficha_evento_etapa_ficha1` FOREIGN KEY (`evef_id`) REFERENCES `evento_etapa_ficha` (`evef_id`) ON DELETE NO ACTION ON UPDATE NO ACTION
) ENGINE=InnoDB AUTO_INCREMENT=152 DEFAULT CHARSET=utf8;
/*!40101 SET character_set_client = @saved_cs_client */;

--
-- Dumping data for table `acreditado_etapa_ficha`
--

LOCK TABLES `acreditado_etapa_ficha` WRITE;
/*!40000 ALTER TABLE `acreditado_etapa_ficha` DISABLE KEYS */;
INSERT INTO `acreditado_etapa_ficha` VALUES (50,NULL,NULL,NULL,10,31,18),(51,NULL,NULL,NULL,10,31,15),(52,NULL,NULL,NULL,10,31,19),(53,'{\"tifi_id\":\"2\",\"comite\":[{\"pers_nombres\":\"Mart\\u00edn\",\"pers_apellidos\":\"R\\u00edos\",\"pers_cargo\":\"Director\",\"pers_correo\":\"martin@rios.com\",\"pers_telefono\":\"12345\"},{\"pers_nombres\":\"Carlos\",\"pers_apellidos\":\"Flores\",\"pers_cargo\":\"Docente\",\"pers_correo\":\"carlos@flores.com\",\"pers_telefono\":\"67890\"}],\"ruc\":\"123456\",\"sedes\":[{\"nombre_sede\":\"Sede principal\",\"direc\":\"Av. de la R\\u00faa\",\"dist\":\"Miraflores\",\"prov\":\"Lima\",\"region\":\"Lima\",\"carreras\":[{\"nombre\":\"Administraci\\u00f3n\",\"area\":\"Ciencias Sociales\",\"comite\":[{\"pers_nombres\":\"Carlos\",\"pers_apellidos\":\"Flores\",\"pers_cargo\":\"Presidente de la comisi\\u00f3n\",\"pers_correo\":\"comision@universidad.com\",\"pers_telefono\":\"987654321\"}],\"estudiantes\":{\"2014\":{\"pa\":{\"M\":\"\",\"F\":\"\"},\"ms\":{\"M\":\"\",\"F\":\"\"},\"eg\":{\"M\":\"\",\"F\":\"\"},\"ti\":{\"M\":\"\",\"F\":\"\"}},\"2013\":{\"pa\":{\"M\":\"\",\"F\":\"\"},\"ms\":{\"M\":\"\",\"F\":\"\"},\"eg\":{\"M\":\"\",\"F\":\"\"},\"ti\":{\"M\":\"\",\"F\":\"\"}},\"2012\":{\"pa\":{\"M\":\"\",\"F\":\"\"},\"ms\":{\"M\":\"\",\"F\":\"\"},\"eg\":{\"M\":\"\",\"F\":\"\"},\"ti\":{\"M\":\"\",\"F\":\"\"}},\"2011\":{\"pa\":{\"M\":\"\",\"F\":\"\"},\"ms\":{\"M\":\"\",\"F\":\"\"},\"eg\":{\"M\":\"\",\"F\":\"\"},\"ti\":{\"M\":\"\",\"F\":\"\"}},\"2010\":{\"pa\":{\"M\":\"\",\"F\":\"\"},\"ms\":{\"M\":\"\",\"F\":\"\"},\"eg\":{\"M\":\"\",\"F\":\"\"},\"ti\":{\"M\":\"\",\"F\":\"\"}}},\"grados_dedicacion\":{\"pt\":{\"ex\":\"1\",\"tc\":\"1\",\"tp\":\"\",\"tt\":\"2\"},\"pe\":{\"ex\":\"\",\"tc\":\"\",\"tp\":\"\",\"tt\":\"\"},\"bc\":{\"ex\":\"\",\"tc\":\"\",\"tp\":\"\",\"tt\":\"\"},\"lt\":{\"ex\":\"\",\"tc\":\"\",\"tp\":\"\",\"tt\":\"\"},\"mm\":{\"ex\":\"\",\"tc\":\"\",\"tp\":\"\",\"tt\":\"\"},\"dr\":{\"ex\":\"\",\"tc\":\"\",\"tp\":\"\",\"tt\":\"\"},\"tt\":{\"ex\":\"1\",\"tc\":\"1\",\"tp\":\"\",\"tt\":\"2\"}},\"grados_condicion\":{\"pt\":{\"no\":\"2\",\"co\":\"\",\"tt\":\"2\"},\"pe\":{\"no\":\"\",\"co\":\"\",\"tt\":\"\"},\"bc\":{\"no\":\"\",\"co\":\"\",\"tt\":\"\"},\"lt\":{\"no\":\"\",\"co\":\"\",\"tt\":\"\"},\"mm\":{\"no\":\"\",\"co\":\"\",\"tt\":\"\"},\"dr\":{\"no\":\"\",\"co\":\"\",\"tt\":\"\"},\"tt\":{\"no\":\"2\",\"co\":\"\",\"tt\":\"2\"}},\"docentes_categoria\":{\"pr\":{\"tt\":\"1\"},\"as\":{\"tt\":\"1\"},\"au\":{\"tt\":\"\"},\"tt\":{\"tt\":\"2\"}},\"inves\":{\"2014\":{\"ti\":\"\",\"ac\":\"\",\"in\":\"\"},\"2013\":{\"ti\":\"\",\"ac\":\"\",\"in\":\"\"},\"2012\":{\"ti\":\"\",\"ac\":\"\",\"in\":\"\"},\"2011\":{\"ti\":\"\",\"ac\":\"\",\"in\":\"\"},\"2010\":{\"ti\":\"\",\"ac\":\"\",\"in\":\"\"}},\"publi\":{\"2014\":{\"ti\":\"\",\"ac\":\"\",\"in\":\"\"},\"2013\":{\"ti\":\"\",\"ac\":\"\",\"in\":\"\"},\"2012\":{\"ti\":\"\",\"ac\":\"\",\"in\":\"\"},\"2011\":{\"ti\":\"\",\"ac\":\"\",\"in\":\"\"},\"2010\":{\"ti\":\"\",\"ac\":\"\",\"in\":\"\"}},\"paten\":{\"2014\":{\"ti\":\"\",\"ac\":\"\",\"in\":\"\"},\"2013\":{\"ti\":\"\",\"ac\":\"\",\"in\":\"\"},\"2012\":{\"ti\":\"\",\"ac\":\"\",\"in\":\"\"},\"2011\":{\"ti\":\"\",\"ac\":\"\",\"in\":\"\"},\"2010\":{\"ti\":\"\",\"ac\":\"\",\"in\":\"\"}},\"actividades\":{\"2014\":\"\",\"2013\":\"\",\"2012\":\"\",\"2011\":\"\",\"2010\":\"\"},\"servicios\":{\"2014\":\"\",\"2013\":\"\",\"2012\":\"\",\"2011\":\"\",\"2010\":\"\"},\"vinculos\":[{\"ic\":\"\",\"dv\":\"\"}],\"origen_fondos\":{\"pao\":{\"2014n\":\"1\",\"2014p\":\"2\",\"2013n\":\"3\",\"2013p\":\"4\"},\"rdr\":{\"2014n\":\"\",\"2014p\":\"\",\"2013n\":\"\",\"2013p\":\"\"},\"itd\":{\"2014n\":\"\",\"2014p\":\"\",\"2013n\":\"\",\"2013p\":\"\"},\"otr\":{\"2014n\":\"\",\"2014p\":\"\",\"2013n\":\"\",\"2013p\":\"\"},\"tot\":{\"2014n\":\"1\",\"2014p\":\"2\",\"2013n\":\"3\",\"2013p\":\"4\"}},\"destino_fondos\":{\"s1\":{\"2014n\":\"1\",\"2014p\":\"\",\"2013n\":\"\",\"2013p\":\"\"},\"s2\":{\"2014n\":\"\",\"2014p\":\"\",\"2013n\":\"\",\"2013p\":\"\"},\"bc\":{\"2014n\":\"\",\"2014p\":\"\",\"2013n\":\"\",\"2013p\":\"\"},\"ob\":{\"2014n\":\"\",\"2014p\":\"\",\"2013n\":\"\",\"2013p\":\"\"},\"ou\":{\"2014n\":\"\",\"2014p\":\"\",\"2013n\":\"\",\"2013p\":\"\"},\"tt\":{\"2014n\":\"1\",\"2014p\":\"\",\"2013n\":\"0\",\"2013p\":\"\"}}},{\"nombre\":\"Odontolog\\u00eda\",\"area\":\"Medicina\"}]},{\"nombre_sede\":\"Filial 1\",\"direc\":\"Ca. Los Pinos\",\"dist\":\"San Borja\",\"prov\":\"Lima\",\"region\":\"Lima\",\"carreras\":[{\"nombre\":\"Administraci\\u00f3n\",\"area\":\"Ciencias Sociales\"},{\"nombre\":\"Ing. de Sistemas\",\"area\":\"Ingenier\\u00eda\"}]}],\"grados_dedicacion\":{\"pt\":{\"ex\":\"1\",\"tc\":\"\",\"tp\":\"\",\"tt\":\"1\"},\"pe\":{\"ex\":\"\",\"tc\":\"\",\"tp\":\"\",\"tt\":\"0\"},\"bc\":{\"ex\":\"\",\"tc\":\"1\",\"tp\":\"\",\"tt\":\"1\"},\"lt\":{\"ex\":\"\",\"tc\":\"\",\"tp\":\"\",\"tt\":\"\"},\"mm\":{\"ex\":\"\",\"tc\":\"\",\"tp\":\"\",\"tt\":\"\"},\"dr\":{\"ex\":\"\",\"tc\":\"\",\"tp\":\"\",\"tt\":\"\"},\"tt\":{\"ex\":\"1\",\"tc\":\"1\",\"tp\":\"\",\"tt\":\"2\"}},\"grados_condicion\":{\"pt\":{\"no\":\"\",\"co\":\"\",\"tt\":\"\"},\"pe\":{\"no\":\"1\",\"co\":\"\",\"tt\":\"1\"},\"bc\":{\"no\":\"1\",\"co\":\"\",\"tt\":\"1\"},\"lt\":{\"no\":\"\",\"co\":\"\",\"tt\":\"\"},\"mm\":{\"no\":\"\",\"co\":\"\",\"tt\":\"\"},\"dr\":{\"no\":\"\",\"co\":\"\",\"tt\":\"\"},\"tt\":{\"no\":\"2\",\"co\":\"0\",\"tt\":\"2\"}},\"docentes_categoria\":{\"pr\":{\"tt\":\"2\"},\"as\":{\"tt\":\"\"},\"au\":{\"tt\":\"\"},\"tt\":{\"tt\":\"2\"}},\"p_admision\":{\"0\":{\"nombre\":\"Sede principal: Administraci\\u00f3n\",\"x2014\":\"\",\"x2013\":\"\",\"x2012\":\"\",\"x2011\":\"\",\"x2010\":\"\"},\"1\":{\"nombre\":\"Sede principal: Odontolog\\u00eda\",\"x2014\":\"\",\"x2013\":\"\",\"x2012\":\"\",\"x2011\":\"\",\"x2010\":\"\"},\"100\":{\"nombre\":\"Filial 1: Administraci\\u00f3n\",\"x2014\":\"\",\"x2013\":\"\",\"x2012\":\"\",\"x2011\":\"\",\"x2010\":\"\"},\"101\":{\"nombre\":\"Filial 1: Ing. de Sistemas\",\"x2014\":\"\",\"x2013\":\"\",\"x2012\":\"\",\"x2011\":\"\",\"x2010\":\"\"}},\"m_semestre\":{\"0\":{\"nombre\":\"Sede principal: Administraci\\u00f3n\",\"x2014\":\"\",\"x2013\":\"\",\"x2012\":\"\",\"x2011\":\"\",\"x2010\":\"\"},\"1\":{\"nombre\":\"Sede principal: Odontolog\\u00eda\",\"x2014\":\"\",\"x2013\":\"\",\"x2012\":\"\",\"x2011\":\"\",\"x2010\":\"\"},\"100\":{\"nombre\":\"Filial 1: Administraci\\u00f3n\",\"x2014\":\"\",\"x2013\":\"\",\"x2012\":\"\",\"x2011\":\"\",\"x2010\":\"\"},\"101\":{\"nombre\":\"Filial 1: Ing. de Sistemas\",\"x2014\":\"\",\"x2013\":\"\",\"x2012\":\"\",\"x2011\":\"\",\"x2010\":\"\"}},\"egresados\":{\"0\":{\"nombre\":\"Sede principal: Administraci\\u00f3n\",\"x2014\":\"\",\"x2013\":\"\",\"x2012\":\"\",\"x2011\":\"\",\"x2010\":\"\"},\"1\":{\"nombre\":\"Sede principal: Odontolog\\u00eda\",\"x2014\":\"\",\"x2013\":\"\",\"x2012\":\"\",\"x2011\":\"\",\"x2010\":\"\"},\"100\":{\"nombre\":\"Filial 1: Administraci\\u00f3n\",\"x2014\":\"\",\"x2013\":\"\",\"x2012\":\"\",\"x2011\":\"\",\"x2010\":\"\"},\"101\":{\"nombre\":\"Filial 1: Ing. de Sistemas\",\"x2014\":\"\",\"x2013\":\"\",\"x2012\":\"\",\"x2011\":\"\",\"x2010\":\"\"}},\"titulados\":{\"0\":{\"nombre\":\"Sede principal: Administraci\\u00f3n\",\"x2014\":\"\",\"x2013\":\"\",\"x2012\":\"\",\"x2011\":\"\",\"x2010\":\"\"},\"1\":{\"nombre\":\"Sede principal: Odontolog\\u00eda\",\"x2014\":\"\",\"x2013\":\"\",\"x2012\":\"\",\"x2011\":\"\",\"x2010\":\"\"},\"100\":{\"nombre\":\"Filial 1: Administraci\\u00f3n\",\"x2014\":\"\",\"x2013\":\"\",\"x2012\":\"\",\"x2011\":\"\",\"x2010\":\"\"},\"101\":{\"nombre\":\"Filial 1: Ing. de Sistemas\",\"x2014\":\"\",\"x2013\":\"\",\"x2012\":\"\",\"x2011\":\"\",\"x2010\":\"\"}},\"carrera_area\":\"Investigaci\\u00f3n\",\"datos\":{\"inst\":{\"nombre\":\"Mart\\u00edn R\\u00edos\",\"cargo\":\"Director\",\"direccion\":\"\",\"fijo\":\"\",\"celular\":\"\",\"email\":\"\",\"emailalt\":\"\",\"date\":\"2015-06-17\",\"date_local\":\"17 de Junio del 2015\"},\"carr\":{\"nombre\":\"Carlos Flores\",\"cargo\":\"Docente\",\"direccion\":\"\",\"fijo\":\"\",\"celular\":\"\",\"email\":\"\",\"emailalt\":\"\",\"date\":\"2015-06-17\",\"date_local\":\"17 de Junio del 2015\"}}}','uploads/572/30-EI-20150617175348.pdf',NULL,20,30,14),(54,NULL,'uploads/572/32-DIB-54-20150617175409.pdf',NULL,20,32,20),(55,NULL,'uploads/572/32-DIB-55-20150617175502.pdf',NULL,20,32,21),(56,NULL,'uploads/572/32-DIB-56-20150617175505.pdf',NULL,20,32,22),(57,NULL,'uploads/572/32-DIB-57-20150617175508.pdf',NULL,20,32,23),(58,NULL,'uploads/572/32-DIB-58-20150617175516.pdf',NULL,20,32,24),(59,NULL,NULL,NULL,10,31,16),(60,NULL,NULL,NULL,10,31,17),(61,NULL,NULL,NULL,10,33,25),(62,NULL,NULL,NULL,10,33,26),(63,NULL,NULL,NULL,10,38,25),(64,NULL,NULL,NULL,10,38,26),(65,NULL,NULL,NULL,10,37,20),(66,NULL,NULL,NULL,10,37,21),(67,NULL,NULL,NULL,10,37,22),(68,NULL,NULL,NULL,10,37,23),(69,NULL,NULL,NULL,10,37,24),(70,NULL,NULL,NULL,10,36,15),(71,'{\"tifi_id\":\"1\",\"comite\":[{\"pers_nombres\":\"asd\",\"pers_apellidos\":\"asd\",\"pers_cargo\":\"asd\",\"pers_correo\":\"asd@asd.com\",\"pers_telefono\":\"7897897\"},{\"pers_nombres\":\"\",\"pers_apellidos\":\"\",\"pers_cargo\":\"\",\"pers_correo\":\"\",\"pers_telefono\":\"\"},{\"pers_nombres\":\"\",\"pers_apellidos\":\"\",\"pers_cargo\":\"\",\"pers_correo\":\"\",\"pers_telefono\":\"\"}],\"ruc\":\"sdfsfsdf\",\"cod_mod\":\"asdfg\",\"sedes\":[{\"nombre_sede\":\"Sede principal\",\"direc\":\"5454\",\"dist\":\"asdada\",\"prov\":\"adadad\",\"region\":\"adad\",\"carreras\":[{\"nombre\":\"\",\"area\":\"\",\"comite\":[{\"pers_nombres\":\"sadasd\",\"pers_apellidos\":\"asdasd\",\"pers_cargo\":\"\",\"pers_correo\":\"primer643213251\",\"pers_telefono\":\"\"}],\"estudiantes\":{\"2014\":{\"pa\":{\"M\":\"\",\"F\":\"\"},\"ms\":{\"M\":\"\",\"F\":\"\"},\"eg\":{\"M\":\"\",\"F\":\"\"},\"ti\":{\"M\":\"\",\"F\":\"\"}},\"2013\":{\"pa\":{\"M\":\"\",\"F\":\"\"},\"ms\":{\"M\":\"\",\"F\":\"\"},\"eg\":{\"M\":\"\",\"F\":\"\"},\"ti\":{\"M\":\"\",\"F\":\"\"}},\"2012\":{\"pa\":{\"M\":\"\",\"F\":\"\"},\"ms\":{\"M\":\"\",\"F\":\"\"},\"eg\":{\"M\":\"\",\"F\":\"\"},\"ti\":{\"M\":\"\",\"F\":\"\"}},\"2011\":{\"pa\":{\"M\":\"\",\"F\":\"\"},\"ms\":{\"M\":\"\",\"F\":\"\"},\"eg\":{\"M\":\"\",\"F\":\"\"},\"ti\":{\"M\":\"\",\"F\":\"\"}},\"2010\":{\"pa\":{\"M\":\"\",\"F\":\"\"},\"ms\":{\"M\":\"\",\"F\":\"\"},\"eg\":{\"M\":\"\",\"F\":\"\"},\"ti\":{\"M\":\"\",\"F\":\"\"}}},\"grados_dedicacion\":{\"pt\":{\"ex\":\"\",\"tc\":\"\",\"tp\":\"\",\"tt\":\"\"},\"pe\":{\"ex\":\"\",\"tc\":\"\",\"tp\":\"\",\"tt\":\"\"},\"bc\":{\"ex\":\"\",\"tc\":\"\",\"tp\":\"\",\"tt\":\"\"},\"lt\":{\"ex\":\"\",\"tc\":\"\",\"tp\":\"\",\"tt\":\"\"},\"mm\":{\"ex\":\"\",\"tc\":\"\",\"tp\":\"\",\"tt\":\"\"},\"dr\":{\"ex\":\"\",\"tc\":\"\",\"tp\":\"\",\"tt\":\"\"},\"tt\":{\"ex\":\"\",\"tc\":\"\",\"tp\":\"\",\"tt\":\"\"}},\"grados_condicion\":{\"pt\":{\"no\":\"\",\"co\":\"\",\"tt\":\"\"},\"pe\":{\"no\":\"\",\"co\":\"\",\"tt\":\"\"},\"bc\":{\"no\":\"\",\"co\":\"\",\"tt\":\"\"},\"lt\":{\"no\":\"\",\"co\":\"\",\"tt\":\"\"},\"mm\":{\"no\":\"\",\"co\":\"\",\"tt\":\"\"},\"dr\":{\"no\":\"\",\"co\":\"\",\"tt\":\"\"},\"tt\":{\"no\":\"\",\"co\":\"\",\"tt\":\"\"}},\"inves\":{\"2014\":{\"ti\":\"\",\"ac\":\"\",\"in\":\"\"},\"2013\":{\"ti\":\"\",\"ac\":\"\",\"in\":\"\"},\"2012\":{\"ti\":\"\",\"ac\":\"\",\"in\":\"\"},\"2011\":{\"ti\":\"\",\"ac\":\"\",\"in\":\"\"},\"2010\":{\"ti\":\"\",\"ac\":\"\",\"in\":\"\"}},\"publi\":{\"2014\":{\"ti\":\"\",\"ac\":\"\",\"in\":\"\"},\"2013\":{\"ti\":\"\",\"ac\":\"\",\"in\":\"\"},\"2012\":{\"ti\":\"\",\"ac\":\"\",\"in\":\"\"},\"2011\":{\"ti\":\"\",\"ac\":\"\",\"in\":\"\"},\"2010\":{\"ti\":\"\",\"ac\":\"\",\"in\":\"\"}},\"paten\":{\"2014\":{\"ti\":\"\",\"ac\":\"\",\"in\":\"\"},\"2013\":{\"ti\":\"\",\"ac\":\"\",\"in\":\"\"},\"2012\":{\"ti\":\"\",\"ac\":\"\",\"in\":\"\"},\"2011\":{\"ti\":\"\",\"ac\":\"\",\"in\":\"\"},\"2010\":{\"ti\":\"\",\"ac\":\"\",\"in\":\"\"}},\"actividades\":{\"2014\":\"\",\"2013\":\"\",\"2012\":\"\",\"2011\":\"\",\"2010\":\"\"},\"servicios\":{\"2014\":\"\",\"2013\":\"\",\"2012\":\"\",\"2011\":\"\",\"2010\":\"\"},\"vinculos\":[{\"ic\":\"\",\"dv\":\"\"}],\"origen_fondos\":{\"pao\":{\"2014n\":\"\",\"2014p\":\"\",\"2013n\":\"\",\"2013p\":\"\"},\"rdr\":{\"2014n\":\"\",\"2014p\":\"\",\"2013n\":\"\",\"2013p\":\"\"},\"itd\":{\"2014n\":\"\",\"2014p\":\"\",\"2013n\":\"\",\"2013p\":\"\"},\"otr\":{\"2014n\":\"\",\"2014p\":\"\",\"2013n\":\"\",\"2013p\":\"\"},\"tot\":{\"2014n\":\"\",\"2014p\":\"0\",\"2013n\":\"\",\"2013p\":\"\"}},\"destino_fondos\":{\"s1\":{\"2014n\":\"\",\"2014p\":\"\",\"2013n\":\"\",\"2013p\":\"\"},\"s2\":{\"2014n\":\"\",\"2014p\":\"\",\"2013n\":\"\",\"2013p\":\"\"},\"bc\":{\"2014n\":\"\",\"2014p\":\"\",\"2013n\":\"\",\"2013p\":\"\"},\"ob\":{\"2014n\":\"\",\"2014p\":\"\",\"2013n\":\"\",\"2013p\":\"\"},\"ou\":{\"2014n\":\"\",\"2014p\":\"\",\"2013n\":\"\",\"2013p\":\"\"},\"tt\":{\"2014n\":\"\",\"2014p\":\"\",\"2013n\":\"\",\"2013p\":\"\"}}}]}],\"grados_dedicacion\":{\"pt\":{\"ex\":\"12\",\"tc\":\"12\",\"tp\":\"12\",\"tt\":\"36\"},\"pe\":{\"ex\":\"15\",\"tc\":\"15\",\"tp\":\"15\",\"tt\":\"45\"},\"bc\":{\"ex\":\"12\",\"tc\":\"3\",\"tp\":\"3\",\"tt\":\"18\"},\"lt\":{\"ex\":\"3\",\"tc\":\"4\",\"tp\":\"5\",\"tt\":\"12\"},\"mm\":{\"ex\":\"7\",\"tc\":\"8\",\"tp\":\"9\",\"tt\":\"24\"},\"dr\":{\"ex\":\"8\",\"tc\":\"9\",\"tp\":\"8\",\"tt\":\"25\"},\"tt\":{\"ex\":\"57\",\"tc\":\"51\",\"tp\":\"52\",\"tt\":\"160\"}},\"grados_condicion\":{\"pt\":{\"no\":\"18\",\"co\":\"18\",\"tt\":\"36\"},\"pe\":{\"no\":\"30\",\"co\":\"15\",\"tt\":\"45\"},\"bc\":{\"no\":\"9\",\"co\":\"9\",\"tt\":\"18\"},\"lt\":{\"no\":\"6\",\"co\":\"6\",\"tt\":\"12\"},\"mm\":{\"no\":\"12\",\"co\":\"12\",\"tt\":\"24\"},\"dr\":{\"no\":\"13\",\"co\":\"12\",\"tt\":\"25\"},\"tt\":{\"no\":\"88\",\"co\":\"72\",\"tt\":\"160\"}},\"p_admision\":[{\"nombre\":\"\",\"x2014\":\"\",\"x2013\":\"\",\"x2012\":\"\",\"x2011\":\"\",\"x2010\":\"\"}],\"m_semestre\":[{\"nombre\":\"\",\"x2014\":\"\",\"x2013\":\"\",\"x2012\":\"\",\"x2011\":\"\",\"x2010\":\"\"}],\"egresados\":[{\"nombre\":\"\",\"x2014\":\"\",\"x2013\":\"\",\"x2012\":\"\",\"x2011\":\"\",\"x2010\":\"\"}],\"titulados\":[{\"nombre\":\"\",\"x2014\":\"\",\"x2013\":\"\",\"x2012\":\"\",\"x2011\":\"\",\"x2010\":\"\"}],\"datos\":{\"inst\":{\"nombre\":\"\",\"cargo\":\"\",\"direccion\":\"\",\"fijo\":\"\",\"celular\":\"\",\"email\":\"\",\"emailalt\":\"\",\"date\":\"2015-06-25\",\"date_local\":\"25 de Junio del 2015\"}}}',NULL,NULL,10,35,14),(72,'{\"tifi_id\":\"1\",\"comite\":[{\"pers_nombres\":\"Angela\",\"pers_apellidos\":\"Montoya\",\"pers_cargo\":\"Director General\",\"pers_correo\":\"anllelith@hotmail.com\",\"pers_telefono\":\"(056) 2632002\"},{\"pers_nombres\":\"Rosa\",\"pers_apellidos\":\"De la Cruz\",\"pers_cargo\":\"Jefe de Unidad Acad\\u00e9mica\",\"pers_correo\":\"rosatel6@hotmail.com\",\"pers_telefono\":\"(056) 2632002\"},{\"pers_nombres\":\"Oscar\",\"pers_apellidos\":\"Tipismana\",\"pers_cargo\":\"Docente\",\"pers_correo\":\"isepch@hotmail.com\",\"pers_telefono\":\"(056) 2632002\"},{\"pers_nombres\":\"Alberto\",\"pers_apellidos\":\"Pachas\",\"pers_cargo\":\"Docente\",\"pers_correo\":\"isepch@hotmail.com\",\"pers_telefono\":\"(056) 2632002\"},{\"pers_nombres\":\"Rosa\",\"pers_apellidos\":\"Guerra\",\"pers_cargo\":\"Docente\",\"pers_correo\":\"isepch@hotmail.com\",\"pers_telefono\":\"(056) 2632002\"},{\"pers_nombres\":\"Miguel\",\"pers_apellidos\":\"Huasasquiche\",\"pers_cargo\":\"Docente\",\"pers_correo\":\"isepch@hotmail.com\",\"pers_telefono\":\"(056) 2632002\"},{\"pers_nombres\":\"Carlos\",\"pers_apellidos\":\"Atuncar\",\"pers_cargo\":\"Administrativo\",\"pers_correo\":\"isepch@hotmail.com\",\"pers_telefono\":\"(056) 2632002\"},{\"pers_nombres\":\"Gorki\",\"pers_apellidos\":\"Castillo\",\"pers_cargo\":\"Administrativo\",\"pers_correo\":\"isepch@hotmail.com\",\"pers_telefono\":\"(056) 2632002\"},{\"pers_nombres\":\"Sergio\",\"pers_apellidos\":\"Pecho\",\"pers_cargo\":\"Egresado\",\"pers_correo\":\"isepch@hotmail.com\",\"pers_telefono\":\"(056) 2632002\"},{\"pers_nombres\":\"Edgar\",\"pers_apellidos\":\"Barrera\",\"pers_cargo\":\"Egresado\",\"pers_correo\":\"isepch@hotmail.com\",\"pers_telefono\":\"(056) 2632002\"},{\"pers_nombres\":\"Maria\",\"pers_apellidos\":\"Martinez\",\"pers_cargo\":\"Estudiante\",\"pers_correo\":\"isepch@hotmail.com\",\"pers_telefono\":\"(056) 2632002\"}],\"ruc\":\"20199185056\",\"cod_mod\":\"0608299\",\"sedes\":[{\"nombre_sede\":\"Sede principal\",\"direc\":\"AV. AM\\u00c9RICA N\\u00ba 209\",\"dist\":\"CHINCHA ALTA\",\"prov\":\"CHINCHA\",\"region\":\"ICA\",\"carreras\":[{\"nombre\":\"EDUCACI\\u00d3N INICIAL\",\"area\":\"FORMACI\\u00d3N DOCENTE\",\"comite\":[{\"pers_nombres\":\"ANGELA\",\"pers_apellidos\":\"MONTOYA VARGAS\",\"pers_cargo\":\"REPRESENTANTE DIRECTIVO\",\"pers_correo\":\"anllelith@hotmail.com\",\"pers_telefono\":\"(056) 2632002\"},{\"pers_nombres\":\"ROSA ALBINA\",\"pers_apellidos\":\"DE LA CRUZ OLIVARES\",\"pers_cargo\":\"REPRESENTANTE JER\\u00c1RQUICO\",\"pers_correo\":\"rosatel6@hotmail.com\",\"pers_telefono\":\"(056) 2632002\"},{\"pers_nombres\":\"OSCAR ESTEBAN\",\"pers_apellidos\":\"TIPISMANA PACHAS\",\"pers_cargo\":\"REPRESENTANTE DE FORMADORES\",\"pers_correo\":\"isepch@hotmail.com\",\"pers_telefono\":\"(056) 2632002\"},{\"pers_nombres\":\" ALBERTO\",\"pers_apellidos\":\"PACHAS SOTELO\",\"pers_cargo\":\"REPRESENTANTE DE FORMADORES\",\"pers_correo\":\"isepch@hotmail.com\",\"pers_telefono\":\"(056) 2632002\"},{\"pers_nombres\":\"ROSA MARGARITA\",\"pers_apellidos\":\"GUERRA \\u00c1VALOS\",\"pers_cargo\":\"REPRESENTANTE DE FORMADORES\",\"pers_correo\":\"isepch@hotmail.com\",\"pers_telefono\":\"(056) 2632002\"},{\"pers_nombres\":\"PABLO C\\u00c9SAR\",\"pers_apellidos\":\"AMORETTI DE LA CRUZ\",\"pers_cargo\":\"REPRESENTANTE DE FORMADORES\",\"pers_correo\":\"isepch@hotmail.com\",\"pers_telefono\":\"(056) 2632002\"},{\"pers_nombres\":\"GINA LIZET\",\"pers_apellidos\":\"TAIPE HUAM\\u00c1N\",\"pers_cargo\":\"REPRESENTANTE DE FORMADORES\",\"pers_correo\":\"isepch@hotmail.com\",\"pers_telefono\":\"(056) 2632002\"},{\"pers_nombres\":\"CARLOS C\\u00c9SAR\",\"pers_apellidos\":\"AT\\u00daNCAR MONTES\",\"pers_cargo\":\"REPRESENTANTE DE ADMINISTRATIVOS\",\"pers_correo\":\"isepch@hotmail.com\",\"pers_telefono\":\"(056) 2632002\"},{\"pers_nombres\":\"GORKI MILTON\",\"pers_apellidos\":\"CASTILLO PALOMINO\",\"pers_cargo\":\"REPRESENTANTE DE ADMINISTRATIVOS\",\"pers_correo\":\"isepch@hotmail.com\",\"pers_telefono\":\"(056) 2632002\"},{\"pers_nombres\":\"EDGAR DANIEL\",\"pers_apellidos\":\"BARRERA SIGUAS\",\"pers_cargo\":\"REPRESENTANTE DE EGRESADOS\",\"pers_correo\":\"isepch@hotmail.com\",\"pers_telefono\":\"(056) 2632002\"},{\"pers_nombres\":\"SERGIO ENRIQUE\",\"pers_apellidos\":\"PECHO D\\u00d3NOLA\",\"pers_cargo\":\"REPRESENTANTE DE EGRESADOS\",\"pers_correo\":\"isepch@hotmail.com\",\"pers_telefono\":\"(056) 2632002\"},{\"pers_nombres\":\"MAR\\u00cdA YSABEL\",\"pers_apellidos\":\"MART\\u00cdNEZ NINAHUAM\\u00c1N\",\"pers_cargo\":\"REPRESENTANTE DE ESTUDIANTES\",\"pers_correo\":\"isepch@hotmail.com\",\"pers_telefono\":\"(056) 2632002\"}],\"estudiantes\":{\"2014\":{\"pa\":{\"M\":\"\",\"F\":\"\"},\"ms\":{\"M\":\"\",\"F\":\"\"},\"eg\":{\"M\":\"\",\"F\":\"\"},\"ti\":{\"M\":\"\",\"F\":\"\"}},\"2013\":{\"pa\":{\"M\":\"\",\"F\":\"\"},\"ms\":{\"M\":\"\",\"F\":\"\"},\"eg\":{\"M\":\"\",\"F\":\"\"},\"ti\":{\"M\":\"\",\"F\":\"\"}},\"2012\":{\"pa\":{\"M\":\"\",\"F\":\"\"},\"ms\":{\"M\":\"\",\"F\":\"\"},\"eg\":{\"M\":\"\",\"F\":\"\"},\"ti\":{\"M\":\"\",\"F\":\"\"}},\"2011\":{\"pa\":{\"M\":\"\",\"F\":\"\"},\"ms\":{\"M\":\"\",\"F\":\"\"},\"eg\":{\"M\":\"\",\"F\":\"\"},\"ti\":{\"M\":\"\",\"F\":\"\"}},\"2010\":{\"pa\":{\"M\":\"\",\"F\":\"\"},\"ms\":{\"M\":\"\",\"F\":\"\"},\"eg\":{\"M\":\"\",\"F\":\"\"},\"ti\":{\"M\":\"\",\"F\":\"\"}}},\"grados_dedicacion\":{\"pt\":{\"ex\":\"\",\"tc\":\"\",\"tp\":\"\",\"tt\":\"\"},\"pe\":{\"ex\":\"\",\"tc\":\"\",\"tp\":\"\",\"tt\":\"\"},\"bc\":{\"ex\":\"\",\"tc\":\"\",\"tp\":\"\",\"tt\":\"\"},\"lt\":{\"ex\":\"\",\"tc\":\"\",\"tp\":\"\",\"tt\":\"\"},\"mm\":{\"ex\":\"\",\"tc\":\"\",\"tp\":\"\",\"tt\":\"\"},\"dr\":{\"ex\":\"\",\"tc\":\"\",\"tp\":\"\",\"tt\":\"\"},\"tt\":{\"ex\":\"\",\"tc\":\"\",\"tp\":\"\",\"tt\":\"\"}},\"grados_condicion\":{\"pt\":{\"no\":\"\",\"co\":\"\",\"tt\":\"\"},\"pe\":{\"no\":\"\",\"co\":\"\",\"tt\":\"\"},\"bc\":{\"no\":\"\",\"co\":\"\",\"tt\":\"\"},\"lt\":{\"no\":\"\",\"co\":\"\",\"tt\":\"\"},\"mm\":{\"no\":\"\",\"co\":\"\",\"tt\":\"\"},\"dr\":{\"no\":\"\",\"co\":\"\",\"tt\":\"\"},\"tt\":{\"no\":\"\",\"co\":\"\",\"tt\":\"\"}},\"inves\":{\"2014\":{\"ti\":\"\",\"ac\":\"\",\"in\":\"\"},\"2013\":{\"ti\":\"\",\"ac\":\"\",\"in\":\"\"},\"2012\":{\"ti\":\"\",\"ac\":\"\",\"in\":\"\"},\"2011\":{\"ti\":\"\",\"ac\":\"\",\"in\":\"\"},\"2010\":{\"ti\":\"\",\"ac\":\"\",\"in\":\"\"}},\"publi\":{\"2014\":{\"ti\":\"\",\"ac\":\"\",\"in\":\"\"},\"2013\":{\"ti\":\"\",\"ac\":\"\",\"in\":\"\"},\"2012\":{\"ti\":\"\",\"ac\":\"\",\"in\":\"\"},\"2011\":{\"ti\":\"\",\"ac\":\"\",\"in\":\"\"},\"2010\":{\"ti\":\"\",\"ac\":\"\",\"in\":\"\"}},\"paten\":{\"2014\":{\"ti\":\"\",\"ac\":\"\",\"in\":\"\"},\"2013\":{\"ti\":\"\",\"ac\":\"\",\"in\":\"\"},\"2012\":{\"ti\":\"\",\"ac\":\"\",\"in\":\"\"},\"2011\":{\"ti\":\"\",\"ac\":\"\",\"in\":\"\"},\"2010\":{\"ti\":\"\",\"ac\":\"\",\"in\":\"\"}},\"actividades\":{\"2014\":\"\",\"2013\":\"\",\"2012\":\"\",\"2011\":\"\",\"2010\":\"\"},\"servicios\":{\"2014\":\"\",\"2013\":\"\",\"2012\":\"\",\"2011\":\"\",\"2010\":\"\"},\"vinculos\":[{\"ic\":\"\",\"dv\":\"\"}],\"origen_fondos\":{\"pao\":{\"2014n\":\"\",\"2014p\":\"\",\"2013n\":\"\",\"2013p\":\"\"},\"rdr\":{\"2014n\":\"\",\"2014p\":\"\",\"2013n\":\"\",\"2013p\":\"\"},\"itd\":{\"2014n\":\"\",\"2014p\":\"\",\"2013n\":\"\",\"2013p\":\"\"},\"otr\":{\"2014n\":\"\",\"2014p\":\"\",\"2013n\":\"\",\"2013p\":\"\"},\"tot\":{\"2014n\":\"\",\"2014p\":\"\",\"2013n\":\"\",\"2013p\":\"\"}},\"destino_fondos\":{\"s1\":{\"2014n\":\"\",\"2014p\":\"\",\"2013n\":\"\",\"2013p\":\"\"},\"s2\":{\"2014n\":\"\",\"2014p\":\"\",\"2013n\":\"\",\"2013p\":\"\"},\"bc\":{\"2014n\":\"\",\"2014p\":\"\",\"2013n\":\"\",\"2013p\":\"\"},\"ob\":{\"2014n\":\"\",\"2014p\":\"\",\"2013n\":\"\",\"2013p\":\"\"},\"ou\":{\"2014n\":\"\",\"2014p\":\"\",\"2013n\":\"\",\"2013p\":\"\"},\"tt\":{\"2014n\":\"\",\"2014p\":\"\",\"2013n\":\"\",\"2013p\":\"\"}}},{\"nombre\":\"IDIOMAS: INGL\\u00c9S\",\"area\":\"FORMACI\\u00d3N DOCENTE\",\"comite\":[{\"pers_nombres\":\"ANGELA\",\"pers_apellidos\":\"MONTOYA VARGAS\",\"pers_cargo\":\"REPRESENTANTE DIRECTIVO\",\"pers_correo\":\"anllelith@hotmail.com\",\"pers_telefono\":\"(056) 2632002\"},{\"pers_nombres\":\"ROSA ALBINA\",\"pers_apellidos\":\"DE LA CRUZ OLIVARES\",\"pers_cargo\":\"REPRESENTANTE JER\\u00c1RQUICO\",\"pers_correo\":\"rosatel6@hotmail.com\",\"pers_telefono\":\"(056) 2632002\"},{\"pers_nombres\":\"OSCAR ESTEBAN\",\"pers_apellidos\":\"TIPISMANA PACHAS\",\"pers_cargo\":\"REPRESENTANTE DE FORMADORES\",\"pers_correo\":\"isepch@hotmail.com\",\"pers_telefono\":\"(056) 2632002\"},{\"pers_nombres\":\"ALBERTO\",\"pers_apellidos\":\"PACHAS SOTELO\",\"pers_cargo\":\"REPRESENTANTE DE FORMADORES\",\"pers_correo\":\"isepch@hotmail.com\",\"pers_telefono\":\"(056) 2632002\"},{\"pers_nombres\":\"ROSA MARGARITA\",\"pers_apellidos\":\"GUERRA \\u00c1VALOS\",\"pers_cargo\":\"REPRESENTANTE DE FORMADORES\",\"pers_correo\":\"isepch@hotmail.com\",\"pers_telefono\":\"(056) 2632002\"},{\"pers_nombres\":\"PABLO C\\u00c9SAR\",\"pers_apellidos\":\"AMORETTI DE LA CRUZ\",\"pers_cargo\":\"REPRESENTANTE DE FORMADORES\",\"pers_correo\":\"isepch@hotmail.com\",\"pers_telefono\":\"(056) 2632002\"},{\"pers_nombres\":\"GINA LIZET\",\"pers_apellidos\":\"TAIPE HUAM\\u00c1N\",\"pers_cargo\":\"REPRESENTANTE DE FORMADORES\",\"pers_correo\":\"isepch@hotmail.com\",\"pers_telefono\":\"(056) 2632002\"},{\"pers_nombres\":\"CARLOS C\\u00c9SAR\",\"pers_apellidos\":\"AT\\u00daNCAR MONTES\",\"pers_cargo\":\"REPRESENTANTE DE ADMINISTRATIVOS\",\"pers_correo\":\"isepch@hotmail.com\",\"pers_telefono\":\"(056) 2632002\"},{\"pers_nombres\":\"GORKI MILTON\",\"pers_apellidos\":\"CASTILLO PALOMINO\",\"pers_cargo\":\"REPRESENTANTE DE ADMINISTRATIVOS\",\"pers_correo\":\"isepch@hotmail.com\",\"pers_telefono\":\"(056) 2632002\"},{\"pers_nombres\":\"EDGAR DANIEL\",\"pers_apellidos\":\"BARRERA SIGUAS\",\"pers_cargo\":\"REPRESENTANTE DE EGRESADOS\",\"pers_correo\":\"isepch@hotmail.com\",\"pers_telefono\":\"(056) 2632002\"},{\"pers_nombres\":\"SERGIO ENRIQUE\",\"pers_apellidos\":\"PECHO D\\u00d3NOLA\",\"pers_cargo\":\"REPRESENTANTE DE EGRESADOS\",\"pers_correo\":\"isepch@hotmail.com\",\"pers_telefono\":\"(056) 2632002\"},{\"pers_nombres\":\"MAR\\u00cdA YSABEL\",\"pers_apellidos\":\"MART\\u00cdNEZ NINAHUAM\\u00c1N\",\"pers_cargo\":\"REPRESENTANTE DE ESTUDIANTES\",\"pers_correo\":\"isepch@hotmail.com\",\"pers_telefono\":\"(056) 2632002\"}],\"estudiantes\":{\"2014\":{\"pa\":{\"M\":\"\",\"F\":\"\"},\"ms\":{\"M\":\"\",\"F\":\"\"},\"eg\":{\"M\":\"\",\"F\":\"\"},\"ti\":{\"M\":\"\",\"F\":\"\"}},\"2013\":{\"pa\":{\"M\":\"\",\"F\":\"\"},\"ms\":{\"M\":\"\",\"F\":\"\"},\"eg\":{\"M\":\"\",\"F\":\"\"},\"ti\":{\"M\":\"\",\"F\":\"\"}},\"2012\":{\"pa\":{\"M\":\"\",\"F\":\"\"},\"ms\":{\"M\":\"\",\"F\":\"\"},\"eg\":{\"M\":\"\",\"F\":\"\"},\"ti\":{\"M\":\"\",\"F\":\"\"}},\"2011\":{\"pa\":{\"M\":\"\",\"F\":\"\"},\"ms\":{\"M\":\"\",\"F\":\"\"},\"eg\":{\"M\":\"\",\"F\":\"\"},\"ti\":{\"M\":\"\",\"F\":\"\"}},\"2010\":{\"pa\":{\"M\":\"\",\"F\":\"\"},\"ms\":{\"M\":\"\",\"F\":\"\"},\"eg\":{\"M\":\"\",\"F\":\"\"},\"ti\":{\"M\":\"\",\"F\":\"\"}}},\"grados_dedicacion\":{\"pt\":{\"ex\":\"\",\"tc\":\"\",\"tp\":\"\",\"tt\":\"\"},\"pe\":{\"ex\":\"\",\"tc\":\"\",\"tp\":\"\",\"tt\":\"\"},\"bc\":{\"ex\":\"\",\"tc\":\"\",\"tp\":\"\",\"tt\":\"\"},\"lt\":{\"ex\":\"\",\"tc\":\"\",\"tp\":\"\",\"tt\":\"\"},\"mm\":{\"ex\":\"\",\"tc\":\"\",\"tp\":\"\",\"tt\":\"\"},\"dr\":{\"ex\":\"\",\"tc\":\"\",\"tp\":\"\",\"tt\":\"\"},\"tt\":{\"ex\":\"\",\"tc\":\"\",\"tp\":\"\",\"tt\":\"\"}},\"grados_condicion\":{\"pt\":{\"no\":\"\",\"co\":\"\",\"tt\":\"\"},\"pe\":{\"no\":\"\",\"co\":\"\",\"tt\":\"\"},\"bc\":{\"no\":\"\",\"co\":\"\",\"tt\":\"\"},\"lt\":{\"no\":\"\",\"co\":\"\",\"tt\":\"\"},\"mm\":{\"no\":\"\",\"co\":\"\",\"tt\":\"\"},\"dr\":{\"no\":\"\",\"co\":\"\",\"tt\":\"\"},\"tt\":{\"no\":\"\",\"co\":\"\",\"tt\":\"\"}},\"inves\":{\"2014\":{\"ti\":\"\",\"ac\":\"\",\"in\":\"\"},\"2013\":{\"ti\":\"\",\"ac\":\"\",\"in\":\"\"},\"2012\":{\"ti\":\"\",\"ac\":\"\",\"in\":\"\"},\"2011\":{\"ti\":\"\",\"ac\":\"\",\"in\":\"\"},\"2010\":{\"ti\":\"\",\"ac\":\"\",\"in\":\"\"}},\"publi\":{\"2014\":{\"ti\":\"\",\"ac\":\"\",\"in\":\"\"},\"2013\":{\"ti\":\"\",\"ac\":\"\",\"in\":\"\"},\"2012\":{\"ti\":\"\",\"ac\":\"\",\"in\":\"\"},\"2011\":{\"ti\":\"\",\"ac\":\"\",\"in\":\"\"},\"2010\":{\"ti\":\"\",\"ac\":\"\",\"in\":\"\"}},\"paten\":{\"2014\":{\"ti\":\"\",\"ac\":\"\",\"in\":\"\"},\"2013\":{\"ti\":\"\",\"ac\":\"\",\"in\":\"\"},\"2012\":{\"ti\":\"\",\"ac\":\"\",\"in\":\"\"},\"2011\":{\"ti\":\"\",\"ac\":\"\",\"in\":\"\"},\"2010\":{\"ti\":\"\",\"ac\":\"\",\"in\":\"\"}},\"actividades\":{\"2014\":\"\",\"2013\":\"\",\"2012\":\"\",\"2011\":\"\",\"2010\":\"\"},\"servicios\":{\"2014\":\"\",\"2013\":\"\",\"2012\":\"\",\"2011\":\"\",\"2010\":\"\"},\"vinculos\":[{\"ic\":\"\",\"dv\":\"\"}],\"origen_fondos\":{\"pao\":{\"2014n\":\"\",\"2014p\":\"\",\"2013n\":\"\",\"2013p\":\"\"},\"rdr\":{\"2014n\":\"\",\"2014p\":\"\",\"2013n\":\"\",\"2013p\":\"\"},\"itd\":{\"2014n\":\"\",\"2014p\":\"\",\"2013n\":\"\",\"2013p\":\"\"},\"otr\":{\"2014n\":\"\",\"2014p\":\"\",\"2013n\":\"\",\"2013p\":\"\"},\"tot\":{\"2014n\":\"\",\"2014p\":\"\",\"2013n\":\"\",\"2013p\":\"\"}},\"destino_fondos\":{\"s1\":{\"2014n\":\"\",\"2014p\":\"\",\"2013n\":\"\",\"2013p\":\"\"},\"s2\":{\"2014n\":\"\",\"2014p\":\"\",\"2013n\":\"\",\"2013p\":\"\"},\"bc\":{\"2014n\":\"\",\"2014p\":\"\",\"2013n\":\"\",\"2013p\":\"\"},\"ob\":{\"2014n\":\"\",\"2014p\":\"\",\"2013n\":\"\",\"2013p\":\"\"},\"ou\":{\"2014n\":\"\",\"2014p\":\"\",\"2013n\":\"\",\"2013p\":\"\"},\"tt\":{\"2014n\":\"\",\"2014p\":\"\",\"2013n\":\"\",\"2013p\":\"\"}}},{\"nombre\":\"EDUCACI\\u00d3N F\\u00cdSICA\",\"area\":\"FORMACI\\u00d3N DOCENTE\",\"comite\":[{\"pers_nombres\":\"ANGELA\",\"pers_apellidos\":\"MONTOYA  VARGAS\",\"pers_cargo\":\"REPRESENTANTE DIRECTIVO\",\"pers_correo\":\"anllelith@hotmail.com\",\"pers_telefono\":\"(056) 2632002\"},{\"pers_nombres\":\"ROSA ALBINA\",\"pers_apellidos\":\"DE LA CRUZ OLIVARES\",\"pers_cargo\":\"REPRESENTANTE JER\\u00c1RQUICO\",\"pers_correo\":\"rosatel6@hotmail.com\",\"pers_telefono\":\"(056) 2632002\"},{\"pers_nombres\":\"OSCAR ESTEBAN\",\"pers_apellidos\":\"TIPISMANA PACHAS\",\"pers_cargo\":\"REPRESENTANTE DE FORMADORES\",\"pers_correo\":\"isepch@hotmail.com\",\"pers_telefono\":\"(056) 2632002\"},{\"pers_nombres\":\"ALBERTO\",\"pers_apellidos\":\"PACHAS SOTELO\",\"pers_cargo\":\"REPRESENTANTE DE FORMADORES\",\"pers_correo\":\"isepch@hotmail.com\",\"pers_telefono\":\"(056) 2632002\"},{\"pers_nombres\":\"ROSA MARGARITA\",\"pers_apellidos\":\"GUERRA \\u00c1VALOS\",\"pers_cargo\":\"REPRESENTANTE DE FORMADORES\",\"pers_correo\":\"isepch@hotmail.com\",\"pers_telefono\":\"(056) 2632002\"},{\"pers_nombres\":\"PABLO C\\u00c9SAR\",\"pers_apellidos\":\"AMORETTI DE LA CRUZ\",\"pers_cargo\":\"REPRESENTANTE DE FORMADORES\",\"pers_correo\":\"isepch@hotmail.com\",\"pers_telefono\":\"(056) 2632002\"},{\"pers_nombres\":\"GINA LIZET\",\"pers_apellidos\":\"TAIPE HUAM\\u00c1N\",\"pers_cargo\":\"REPRESENTANTE DE FORMADORES\",\"pers_correo\":\"isepch@hotmail.com\",\"pers_telefono\":\"(056) 2632002\"},{\"pers_nombres\":\"CARLOS C\\u00c9SAR\",\"pers_apellidos\":\"AT\\u00daNCAR MONTES\",\"pers_cargo\":\"REPRESENTANTE DE ADMINISTRATIVOS\",\"pers_correo\":\"isepch@hotmail.com\",\"pers_telefono\":\"(056) 2632002\"},{\"pers_nombres\":\"GORKI MILTON\",\"pers_apellidos\":\"CASTILLO PALOMINO\",\"pers_cargo\":\"REPRESENTANTE DE ADMINISTRATIVOS\",\"pers_correo\":\"isepch@hotmail.com\",\"pers_telefono\":\"(056) 2632002\"},{\"pers_nombres\":\"EDGAR DANIEL\",\"pers_apellidos\":\"BARRERA SIGUAS\",\"pers_cargo\":\"REPRESENTANTE DE EGRESADOS\",\"pers_correo\":\"isepch@hotmail.com\",\"pers_telefono\":\"(056) 2632002\"},{\"pers_nombres\":\"SERGIO ENRIQUE\",\"pers_apellidos\":\"PECHO D\\u00d3NOLA\",\"pers_cargo\":\"REPRESENTANTE DE EGRESADOS\",\"pers_correo\":\"isepch@hotmail.com\",\"pers_telefono\":\"(056) 2632002\"},{\"pers_nombres\":\"MAR\\u00cdA YSABEL\",\"pers_apellidos\":\"MART\\u00cdNEZ NINAHUAM\\u00c1N\",\"pers_cargo\":\"REPRESENTANTE DE ESTUDIANTES\",\"pers_correo\":\"isepch@hotmail.com\",\"pers_telefono\":\"(056) 2632002\"}],\"estudiantes\":{\"2014\":{\"pa\":{\"M\":\"\",\"F\":\"\"},\"ms\":{\"M\":\"\",\"F\":\"\"},\"eg\":{\"M\":\"\",\"F\":\"\"},\"ti\":{\"M\":\"\",\"F\":\"\"}},\"2013\":{\"pa\":{\"M\":\"\",\"F\":\"\"},\"ms\":{\"M\":\"\",\"F\":\"\"},\"eg\":{\"M\":\"\",\"F\":\"\"},\"ti\":{\"M\":\"\",\"F\":\"\"}},\"2012\":{\"pa\":{\"M\":\"\",\"F\":\"\"},\"ms\":{\"M\":\"\",\"F\":\"\"},\"eg\":{\"M\":\"\",\"F\":\"\"},\"ti\":{\"M\":\"\",\"F\":\"\"}},\"2011\":{\"pa\":{\"M\":\"\",\"F\":\"\"},\"ms\":{\"M\":\"\",\"F\":\"\"},\"eg\":{\"M\":\"\",\"F\":\"\"},\"ti\":{\"M\":\"\",\"F\":\"\"}},\"2010\":{\"pa\":{\"M\":\"\",\"F\":\"\"},\"ms\":{\"M\":\"\",\"F\":\"\"},\"eg\":{\"M\":\"\",\"F\":\"\"},\"ti\":{\"M\":\"\",\"F\":\"\"}}},\"grados_dedicacion\":{\"pt\":{\"ex\":\"\",\"tc\":\"\",\"tp\":\"\",\"tt\":\"\"},\"pe\":{\"ex\":\"\",\"tc\":\"\",\"tp\":\"\",\"tt\":\"\"},\"bc\":{\"ex\":\"\",\"tc\":\"\",\"tp\":\"\",\"tt\":\"\"},\"lt\":{\"ex\":\"\",\"tc\":\"\",\"tp\":\"\",\"tt\":\"\"},\"mm\":{\"ex\":\"\",\"tc\":\"\",\"tp\":\"\",\"tt\":\"\"},\"dr\":{\"ex\":\"\",\"tc\":\"\",\"tp\":\"\",\"tt\":\"\"},\"tt\":{\"ex\":\"\",\"tc\":\"\",\"tp\":\"\",\"tt\":\"\"}},\"grados_condicion\":{\"pt\":{\"no\":\"\",\"co\":\"\",\"tt\":\"\"},\"pe\":{\"no\":\"\",\"co\":\"\",\"tt\":\"\"},\"bc\":{\"no\":\"\",\"co\":\"\",\"tt\":\"\"},\"lt\":{\"no\":\"\",\"co\":\"\",\"tt\":\"\"},\"mm\":{\"no\":\"\",\"co\":\"\",\"tt\":\"\"},\"dr\":{\"no\":\"\",\"co\":\"\",\"tt\":\"\"},\"tt\":{\"no\":\"\",\"co\":\"\",\"tt\":\"\"}},\"inves\":{\"2014\":{\"ti\":\"\",\"ac\":\"\",\"in\":\"\"},\"2013\":{\"ti\":\"\",\"ac\":\"\",\"in\":\"\"},\"2012\":{\"ti\":\"\",\"ac\":\"\",\"in\":\"\"},\"2011\":{\"ti\":\"\",\"ac\":\"\",\"in\":\"\"},\"2010\":{\"ti\":\"\",\"ac\":\"\",\"in\":\"\"}},\"publi\":{\"2014\":{\"ti\":\"\",\"ac\":\"\",\"in\":\"\"},\"2013\":{\"ti\":\"\",\"ac\":\"\",\"in\":\"\"},\"2012\":{\"ti\":\"\",\"ac\":\"\",\"in\":\"\"},\"2011\":{\"ti\":\"\",\"ac\":\"\",\"in\":\"\"},\"2010\":{\"ti\":\"\",\"ac\":\"\",\"in\":\"\"}},\"paten\":{\"2014\":{\"ti\":\"\",\"ac\":\"\",\"in\":\"\"},\"2013\":{\"ti\":\"\",\"ac\":\"\",\"in\":\"\"},\"2012\":{\"ti\":\"\",\"ac\":\"\",\"in\":\"\"},\"2011\":{\"ti\":\"\",\"ac\":\"\",\"in\":\"\"},\"2010\":{\"ti\":\"\",\"ac\":\"\",\"in\":\"\"}},\"actividades\":{\"2014\":\"\",\"2013\":\"\",\"2012\":\"\",\"2011\":\"\",\"2010\":\"\"},\"servicios\":{\"2014\":\"\",\"2013\":\"\",\"2012\":\"\",\"2011\":\"\",\"2010\":\"\"},\"vinculos\":[{\"ic\":\"\",\"dv\":\"\"}],\"origen_fondos\":{\"pao\":{\"2014n\":\"\",\"2014p\":\"\",\"2013n\":\"\",\"2013p\":\"\"},\"rdr\":{\"2014n\":\"\",\"2014p\":\"\",\"2013n\":\"\",\"2013p\":\"\"},\"itd\":{\"2014n\":\"\",\"2014p\":\"\",\"2013n\":\"\",\"2013p\":\"\"},\"otr\":{\"2014n\":\"\",\"2014p\":\"\",\"2013n\":\"\",\"2013p\":\"\"},\"tot\":{\"2014n\":\"\",\"2014p\":\"\",\"2013n\":\"\",\"2013p\":\"\"}},\"destino_fondos\":{\"s1\":{\"2014n\":\"\",\"2014p\":\"\",\"2013n\":\"\",\"2013p\":\"\"},\"s2\":{\"2014n\":\"\",\"2014p\":\"\",\"2013n\":\"\",\"2013p\":\"\"},\"bc\":{\"2014n\":\"\",\"2014p\":\"\",\"2013n\":\"\",\"2013p\":\"\"},\"ob\":{\"2014n\":\"\",\"2014p\":\"\",\"2013n\":\"\",\"2013p\":\"\"},\"ou\":{\"2014n\":\"\",\"2014p\":\"\",\"2013n\":\"\",\"2013p\":\"\"},\"tt\":{\"2014n\":\"\",\"2014p\":\"\",\"2013n\":\"\",\"2013p\":\"\"}}}]}],\"grados_dedicacion\":{\"pt\":{\"ex\":\"\",\"tc\":\"\",\"tp\":\"\",\"tt\":\"\"},\"pe\":{\"ex\":\"\",\"tc\":\"\",\"tp\":\"\",\"tt\":\"\"},\"bc\":{\"ex\":\"\",\"tc\":\"\",\"tp\":\"\",\"tt\":\"\"},\"lt\":{\"ex\":\"\",\"tc\":\"\",\"tp\":\"\",\"tt\":\"\"},\"mm\":{\"ex\":\"\",\"tc\":\"\",\"tp\":\"\",\"tt\":\"\"},\"dr\":{\"ex\":\"\",\"tc\":\"\",\"tp\":\"\",\"tt\":\"\"},\"tt\":{\"ex\":\"\",\"tc\":\"\",\"tp\":\"\",\"tt\":\"\"}},\"grados_condicion\":{\"pt\":{\"no\":\"\",\"co\":\"\",\"tt\":\"\"},\"pe\":{\"no\":\"\",\"co\":\"\",\"tt\":\"\"},\"bc\":{\"no\":\"\",\"co\":\"\",\"tt\":\"\"},\"lt\":{\"no\":\"\",\"co\":\"\",\"tt\":\"\"},\"mm\":{\"no\":\"\",\"co\":\"\",\"tt\":\"\"},\"dr\":{\"no\":\"\",\"co\":\"\",\"tt\":\"\"},\"tt\":{\"no\":\"\",\"co\":\"\",\"tt\":\"\"}},\"p_admision\":[{\"nombre\":\"Sede principal: EDUCACI\\u00d3N INICIAL\",\"x2014\":\"\",\"x2013\":\"\",\"x2012\":\"\",\"x2011\":\"\",\"x2010\":\"\"},{\"nombre\":\"Sede principal: IDIOMAS: INGL\\u00c9S\",\"x2014\":\"\",\"x2013\":\"\",\"x2012\":\"\",\"x2011\":\"\",\"x2010\":\"\"},{\"nombre\":\"Sede principal: EDUCACI\\u00d3N F\\u00cdSICA\",\"x2014\":\"\",\"x2013\":\"\",\"x2012\":\"\",\"x2011\":\"\",\"x2010\":\"\"}],\"m_semestre\":[{\"nombre\":\"Sede principal: EDUCACI\\u00d3N INICIAL\",\"x2014\":\"\",\"x2013\":\"\",\"x2012\":\"\",\"x2011\":\"\",\"x2010\":\"\"},{\"nombre\":\"Sede principal: IDIOMAS: INGL\\u00c9S\",\"x2014\":\"\",\"x2013\":\"\",\"x2012\":\"\",\"x2011\":\"\",\"x2010\":\"\"},{\"nombre\":\"Sede principal: EDUCACI\\u00d3N F\\u00cdSICA\",\"x2014\":\"\",\"x2013\":\"\",\"x2012\":\"\",\"x2011\":\"\",\"x2010\":\"\"}],\"egresados\":[{\"nombre\":\"Sede principal: EDUCACI\\u00d3N INICIAL\",\"x2014\":\"\",\"x2013\":\"\",\"x2012\":\"\",\"x2011\":\"\",\"x2010\":\"\"},{\"nombre\":\"Sede principal: IDIOMAS: INGL\\u00c9S\",\"x2014\":\"\",\"x2013\":\"\",\"x2012\":\"\",\"x2011\":\"\",\"x2010\":\"\"},{\"nombre\":\"Sede principal: EDUCACI\\u00d3N F\\u00cdSICA\",\"x2014\":\"\",\"x2013\":\"\",\"x2012\":\"\",\"x2011\":\"\",\"x2010\":\"\"}],\"titulados\":[{\"nombre\":\"Sede principal: EDUCACI\\u00d3N INICIAL\",\"x2014\":\"\",\"x2013\":\"\",\"x2012\":\"\",\"x2011\":\"\",\"x2010\":\"\"},{\"nombre\":\"Sede principal: IDIOMAS: INGL\\u00c9S\",\"x2014\":\"\",\"x2013\":\"\",\"x2012\":\"\",\"x2011\":\"\",\"x2010\":\"\"},{\"nombre\":\"Sede principal: EDUCACI\\u00d3N F\\u00cdSICA\",\"x2014\":\"\",\"x2013\":\"\",\"x2012\":\"\",\"x2011\":\"\",\"x2010\":\"\"}],\"datos\":{\"inst\":{\"nombre\":\"MONTOYA VARGAS, ANGELA\",\"cargo\":\"DIRECTORA GENERAL\",\"direccion\":\"AV. AM\\u00c9RICA N\\u00b0 209\",\"fijo\":\"(056)263002\",\"celular\":\"\",\"email\":\"isepch@hotmail.com\",\"emailalt\":\"\",\"date\":\"2015-06-30\",\"date_local\":\"30 de Junio del 2015\"}}}',NULL,NULL,10,40,14),(73,'{\"tifi_id\":\"2\",\"comite\":[{\"pers_nombres\":\"Jorge Luis\",\"pers_apellidos\":\"Carranza Vargas\",\"pers_cargo\":\"Director General\",\"pers_correo\":\"jorgecarranza49@hotmail.com\",\"pers_telefono\":\"942064999\"},{\"pers_nombres\":\"Julio Elmer\",\"pers_apellidos\":\"Agreda Lozano\",\"pers_cargo\":\"Jefe de Area Academica\",\"pers_correo\":\"elmeragreda@hotmail.com\",\"pers_telefono\":\"995151130\"},{\"pers_nombres\":\"julio Filadelfio\",\"pers_apellidos\":\"Acosta R\\u00edos\",\"pers_cargo\":\"Docente\",\"pers_correo\":\"julioacosta51@hotmail.com\",\"pers_telefono\":\"966915073\"},{\"pers_nombres\":\"Cristian\",\"pers_apellidos\":\"Zafra Sanchez\",\"pers_cargo\":\"Docente\",\"pers_correo\":\"czafras@yahoo.com\",\"pers_telefono\":\"947672512\"},{\"pers_nombres\":\"Erwing\",\"pers_apellidos\":\"Rojas Rodriguez\",\"pers_cargo\":\"Administrativo\",\"pers_correo\":\"erwing.rojas@hotmail.com\",\"pers_telefono\":\"942223025\"},{\"pers_nombres\":\"Milliam David\",\"pers_apellidos\":\"Villanueva Galvanapon\",\"pers_cargo\":\"Alumno\",\"pers_correo\":\"midavical_1510@hotmail.com\",\"pers_telefono\":\"949750146\"},{\"pers_nombres\":\"Alodis Orestes\",\"pers_apellidos\":\"Rodriguez Alayo\",\"pers_cargo\":\"Ex alumno\",\"pers_correo\":\"rodala1961@hotmail.com\",\"pers_telefono\":\"947660466\"}],\"ruc\":\"20204453196\",\"cod_mod\":\"0622365\",\"sedes\":[{\"nombre_sede\":\"Sede principal\",\"direc\":\"Jose Castelli  Nro. 900\",\"dist\":\"La Esperanza\",\"prov\":\"Trujillo\",\"region\":\"La Libertad\",\"carreras\":[{\"nombre\":\"ELectrotecnia Industrial\",\"area\":\"ELectrotecnia Industrial\",\"comite\":[{\"pers_nombres\":\"Jorge\",\"pers_apellidos\":\"Carranza\",\"pers_cargo\":\"Director General\",\"pers_correo\":\"jorgecarranza49@hotmail.com\",\"pers_telefono\":\"942058717\"},{\"pers_nombres\":\"Julio\",\"pers_apellidos\":\"Agreda\",\"pers_cargo\":\"Jefe de \\u00c1rea Acad\\u00e9mica\",\"pers_correo\":\"elmeragreda@hotmail.com\",\"pers_telefono\":\"9951551130\"},{\"pers_nombres\":\"Julio\",\"pers_apellidos\":\"Acosta\",\"pers_cargo\":\"Docente\",\"pers_correo\":\"julioacosta51@hotmail.com\",\"pers_telefono\":\"966915073\"},{\"pers_nombres\":\"Cristian\",\"pers_apellidos\":\"Zafra\",\"pers_cargo\":\"Docente\",\"pers_correo\":\"czafras@yahoo.com\",\"pers_telefono\":\"948495501\"}],\"estudiantes\":{\"2014\":{\"pa\":{\"M\":\"36\",\"F\":\"3\"},\"ms\":{\"M\":\"36\",\"F\":\"3\"},\"eg\":{\"M\":\"19\",\"F\":\"0\"},\"ti\":{\"M\":\"15\",\"F\":\"0\"}},\"2013\":{\"pa\":{\"M\":\"32\",\"F\":\"2\"},\"ms\":{\"M\":\"32\",\"F\":\"02\"},\"eg\":{\"M\":\"20\",\"F\":\"0\"},\"ti\":{\"M\":\"15\",\"F\":\"0\"}},\"2012\":{\"pa\":{\"M\":\"25\",\"F\":\"0\"},\"ms\":{\"M\":\"29\",\"F\":\"0\"},\"eg\":{\"M\":\"25\",\"F\":\"0\"},\"ti\":{\"M\":\"15\",\"F\":\"0\"}},\"2011\":{\"pa\":{\"M\":\"24\",\"F\":\"1\"},\"ms\":{\"M\":\"37\",\"F\":\"3\"},\"eg\":{\"M\":\"20\",\"F\":\"0\"},\"ti\":{\"M\":\"5\",\"F\":\"0\"}},\"2010\":{\"pa\":{\"M\":\"26\",\"F\":\"1\"},\"ms\":{\"M\":\"37\",\"F\":\"2\"},\"eg\":{\"M\":\"21\",\"F\":\"0\"},\"ti\":{\"M\":\"7\",\"F\":\"0\"}}},\"grados_dedicacion\":{\"pt\":{\"ex\":\"0\",\"tc\":\"1\",\"tp\":\"0\",\"tt\":\"1\"},\"pe\":{\"ex\":\"0\",\"tc\":\"0\",\"tp\":\"0\",\"tt\":\"0\"},\"bc\":{\"ex\":\"0\",\"tc\":\"0\",\"tp\":\"0\",\"tt\":\"0\"},\"lt\":{\"ex\":\"0\",\"tc\":\"6\",\"tp\":\"0\",\"tt\":\"6\"},\"mm\":{\"ex\":\"0\",\"tc\":\"3\",\"tp\":\"0\",\"tt\":\"3\"},\"dr\":{\"ex\":\"0\",\"tc\":\"0\",\"tp\":\"0\",\"tt\":\"0\"},\"tt\":{\"ex\":\"0\",\"tc\":\"10\",\"tp\":\"0\",\"tt\":\"10\"}},\"grados_condicion\":{\"pt\":{\"no\":\"0\",\"co\":\"1\",\"tt\":\"1\"},\"pe\":{\"no\":\"0\",\"co\":\"0\",\"tt\":\"0\"},\"bc\":{\"no\":\"0\",\"co\":\"0\",\"tt\":\"0\"},\"lt\":{\"no\":\"4\",\"co\":\"2\",\"tt\":\"6\"},\"mm\":{\"no\":\"2\",\"co\":\"1\",\"tt\":\"3\"},\"dr\":{\"no\":\"0\",\"co\":\"0\",\"tt\":\"0\"},\"tt\":{\"no\":\"6\",\"co\":\"4\",\"tt\":\"10\"}},\"inves\":{\"2014\":{\"ti\":\"0\",\"ac\":\"0\",\"in\":\"0\"},\"2013\":{\"ti\":\"0\",\"ac\":\"0\",\"in\":\"0\"},\"2012\":{\"ti\":\"0\",\"ac\":\"0\",\"in\":\"0\"},\"2011\":{\"ti\":\"0\",\"ac\":\"0\",\"in\":\"0\"},\"2010\":{\"ti\":\"0\",\"ac\":\"0\",\"in\":\"0\"}},\"publi\":{\"2014\":{\"ti\":\"0\",\"ac\":\"0\",\"in\":\"0\"},\"2013\":{\"ti\":\"0\",\"ac\":\"0\",\"in\":\"0\"},\"2012\":{\"ti\":\"0\",\"ac\":\"0\",\"in\":\"0\"},\"2011\":{\"ti\":\"0\",\"ac\":\"0\",\"in\":\"0\"},\"2010\":{\"ti\":\"0\",\"ac\":\"0\",\"in\":\"0\"}},\"paten\":{\"2014\":{\"ti\":\"0\",\"ac\":\"0\",\"in\":\"0\"},\"2013\":{\"ti\":\"0\",\"ac\":\"0\",\"in\":\"0\"},\"2012\":{\"ti\":\"0\",\"ac\":\"0\",\"in\":\"0\"},\"2011\":{\"ti\":\"0\",\"ac\":\"0\",\"in\":\"0\"},\"2010\":{\"ti\":\"0\",\"ac\":\"0\",\"in\":\"0\"}},\"actividades\":{\"2014\":\"ciclo de conferencias de electricidad y electronica\",\"2013\":\"ciclo de conferencias de electricidad y electronica\",\"2012\":\"ciclo de conferencias de electricidad y electronica\",\"2011\":\"ciclo de conferencias de electricidad y electronica\",\"2010\":\"ciclo de conferencias de electricidad y electronica\"},\"servicios\":{\"2014\":\"Mantenimiento de equipos electronicos de instituciones educativas de EBR del Distrito de La Esperanza\",\"2013\":\"Mantenimiento de equipos electronicos de instituciones educativas de EBR del Distrito de La Esperanza\",\"2012\":\"Servicio t\\u00e9cnico electr\\u00f3nico el\\u00e9ctrico ISTENE para la comunidad\",\"2011\":\"Servicio t\\u00e9cnico electr\\u00f3nico el\\u00e9ctrico ISTENE para la comunidad\",\"2010\":\"Servicio t\\u00e9cnico electr\\u00f3nico el\\u00e9ctrico ISTENE para la comunidad\"},\"vinculos\":[{\"ic\":\"Agencia de Cooperaci\\u00f3n Internacional de KOREA (KOICA)\",\"dv\":\"Intercambio cultural y elaboraci\\u00f3n de m\\u00f3dulos didacticos\"},{\"ic\":\"Universidad Privada Cesar Vallejo\",\"dv\":\"Convalidaciones de estudios.\"},{\"ic\":\"Hidrandina SA\",\"dv\":\"Practicas pre profesionales.\"},{\"ic\":\"Inversiones Industriales Romero\",\"dv\":\"Practicas pre profesionales.\"},{\"ic\":\"CONSORCIO SESGA Y REYSER\",\"dv\":\"Practicas pre profesionales.\"},{\"ic\":\"DANPER TRUJILLO SAC\",\"dv\":\"Practicas pre profesionales.\"},{\"ic\":\"CONSORCIO SERVITEC EIRL\",\"dv\":\"Practicas pre profesionales.\"}],\"origen_fondos\":{\"pao\":{\"2014n\":\"0\",\"2014p\":\"0\",\"2013n\":\"0\",\"2013p\":\"0\"},\"rdr\":{\"2014n\":\"37765\",\"2014p\":\"100\",\"2013n\":\"38149\",\"2013p\":\"100\"},\"itd\":{\"2014n\":\"0\",\"2014p\":\"0\",\"2013n\":\"0\",\"2013p\":\"0\"},\"otr\":{\"2014n\":\"0\",\"2014p\":\"0\",\"2013n\":\"0\",\"2013p\":\"0\"},\"tot\":{\"2014n\":\"37765\",\"2014p\":\"100\",\"2013n\":\"38149\",\"2013p\":\"100\"}},\"destino_fondos\":{\"s1\":{\"2014n\":\"0\",\"2014p\":\"0\",\"2013n\":\"0\",\"2013p\":\"0\"},\"s2\":{\"2014n\":\"0\",\"2014p\":\"0\",\"2013n\":\"0\",\"2013p\":\"0\"},\"bc\":{\"2014n\":\"19965\",\"2014p\":\"53\",\"2013n\":\"21350\",\"2013p\":\"56\"},\"ob\":{\"2014n\":\"0\",\"2014p\":\"0\",\"2013n\":\"0\",\"2013p\":\"0\"},\"ou\":{\"2014n\":\"17800\",\"2014p\":\"47\",\"2013n\":\"16799\",\"2013p\":\"44\"},\"tt\":{\"2014n\":\"37765\",\"2014p\":\"100\",\"2013n\":\"38149\",\"2013p\":\"100\"}}},{\"nombre\":\"Electr\\u00f3nica industrial\",\"area\":\"Electr\\u00f3nica industrial\"},{\"nombre\":\"Qu\\u00edmica Industrial\",\"area\":\"Qu\\u00edmica Industrial\"},{\"nombre\":\"Mecanica de Producci\\u00f3n\",\"area\":\"Mecanica de Producci\\u00f3n\"},{\"nombre\":\"Mecanica Automotriz\",\"area\":\"Mecanica Automotriz\"},{\"nombre\":\"Construcci\\u00f3n Civil\",\"area\":\"Construcci\\u00f3n Civil\"},{\"nombre\":\"Computaci\\u00f3n e inform\\u00e1tica\",\"area\":\"Computaci\\u00f3n e inform\\u00e1tica\"},{\"nombre\":\"Contabilidad\",\"area\":\"Contabilidad\"}]}],\"grados_dedicacion\":{\"pt\":{\"ex\":\"0\",\"tc\":\"3\",\"tp\":\"0\",\"tt\":\"3\"},\"pe\":{\"ex\":\"0\",\"tc\":\"0\",\"tp\":\"0\",\"tt\":\"0\"},\"bc\":{\"ex\":\"0\",\"tc\":\"0\",\"tp\":\"1\",\"tt\":\"1\"},\"lt\":{\"ex\":\"0\",\"tc\":\"31\",\"tp\":\"1\",\"tt\":\"32\"},\"mm\":{\"ex\":\"0\",\"tc\":\"16\",\"tp\":\"0\",\"tt\":\"16\"},\"dr\":{\"ex\":\"0\",\"tc\":\"1\",\"tp\":\"0\",\"tt\":\"1\"},\"tt\":{\"ex\":\"0\",\"tc\":\"51\",\"tp\":\"2\",\"tt\":\"53\"}},\"grados_condicion\":{\"pt\":{\"no\":\"1\",\"co\":\"2\",\"tt\":\"3\"},\"pe\":{\"no\":\"0\",\"co\":\"0\",\"tt\":\"0\"},\"bc\":{\"no\":\"0\",\"co\":\"1\",\"tt\":\"1\"},\"lt\":{\"no\":\"26\",\"co\":\"6\",\"tt\":\"32\"},\"mm\":{\"no\":\"16\",\"co\":\"0\",\"tt\":\"16\"},\"dr\":{\"no\":\"1\",\"co\":\"0\",\"tt\":\"1\"},\"tt\":{\"no\":\"44\",\"co\":\"9\",\"tt\":\"53\"}},\"p_admision\":[{\"nombre\":\"Sede principal: ELectrotecnia Industrial\",\"x2014\":\"21\",\"x2013\":\"24\",\"x2012\":\"18\",\"x2011\":\"25\",\"x2010\":\"27\"},{\"nombre\":\"Sede principal: Electr\\u00f3nica industrial\",\"x2014\":\"21\",\"x2013\":\"23\",\"x2012\":\"30\",\"x2011\":\"29\",\"x2010\":\"19\"},{\"nombre\":\"Sede principal: Qu\\u00edmica Industrial\",\"x2014\":\"29\",\"x2013\":\"38\",\"x2012\":\"20\",\"x2011\":\"17\",\"x2010\":\"33\"},{\"nombre\":\"Sede principal: Mecanica de Producci\\u00f3n\",\"x2014\":\"20\",\"x2013\":\"18\",\"x2012\":\"24\",\"x2011\":\"23\",\"x2010\":\"23\"},{\"nombre\":\"Sede principal: Mecanica Automotriz\",\"x2014\":\"47\",\"x2013\":\"73\",\"x2012\":\"61\",\"x2011\":\"77\",\"x2010\":\"71\"},{\"nombre\":\"Sede principal: Construcci\\u00f3n Civil\",\"x2014\":\"116\",\"x2013\":\"84\",\"x2012\":\"83\",\"x2011\":\"81\",\"x2010\":\"65\"},{\"nombre\":\"Sede principal: Computaci\\u00f3n e inform\\u00e1tica\",\"x2014\":\"61\",\"x2013\":\"81\",\"x2012\":\"42\",\"x2011\":\"52\",\"x2010\":\"46\"},{\"nombre\":\"Sede principal: Contabilidad\",\"x2014\":\"74\",\"x2013\":\"84\",\"x2012\":\"50\",\"x2011\":\"69\",\"x2010\":\"62\"}],\"m_semestre\":[{\"nombre\":\"Sede principal: ELectrotecnia Industrial\",\"x2014\":\"76\",\"x2013\":\"73\",\"x2012\":\"78\",\"x2011\":\"94\",\"x2010\":\"90\"},{\"nombre\":\"Sede principal: Electr\\u00f3nica industrial\",\"x2014\":\"64\",\"x2013\":\"61\",\"x2012\":\"70\",\"x2011\":\"82\",\"x2010\":\"85\"},{\"nombre\":\"Sede principal: Qu\\u00edmica Industrial\",\"x2014\":\"92\",\"x2013\":\"94\",\"x2012\":\"81\",\"x2011\":\"83\",\"x2010\":\"94\"},{\"nombre\":\"Sede principal: Mecanica de Producci\\u00f3n\",\"x2014\":\"91\",\"x2013\":\"96\",\"x2012\":\"94\",\"x2011\":\"91\",\"x2010\":\"84\"},{\"nombre\":\"Sede principal: Mecanica Automotriz\",\"x2014\":\"104\",\"x2013\":\"108\",\"x2012\":\"116\",\"x2011\":\"107\",\"x2010\":\"105\"},{\"nombre\":\"Sede principal: Construcci\\u00f3n Civil\",\"x2014\":\"106\",\"x2013\":\"105\",\"x2012\":\"104\",\"x2011\":\"96\",\"x2010\":\"108\"},{\"nombre\":\"Sede principal: Computaci\\u00f3n e inform\\u00e1tica\",\"x2014\":\"92\",\"x2013\":\"100\",\"x2012\":\"99\",\"x2011\":\"97\",\"x2010\":\"87\"},{\"nombre\":\"Sede principal: Contabilidad\",\"x2014\":\"134\",\"x2013\":\"120\",\"x2012\":\"121\",\"x2011\":\"113\",\"x2010\":\"119\"}],\"egresados\":[{\"nombre\":\"Sede principal: ELectrotecnia Industrial\",\"x2014\":\"17\",\"x2013\":\"20\",\"x2012\":\"25\",\"x2011\":\"20\",\"x2010\":\"21\"},{\"nombre\":\"Sede principal: Electr\\u00f3nica industrial\",\"x2014\":\"19\",\"x2013\":\"18\",\"x2012\":\"19\",\"x2011\":\"14\",\"x2010\":\"17\"},{\"nombre\":\"Sede principal: Qu\\u00edmica Industrial\",\"x2014\":\"25\",\"x2013\":\"26\",\"x2012\":\"20\",\"x2011\":\"10\",\"x2010\":\"19\"},{\"nombre\":\"Sede principal: Mecanica de Producci\\u00f3n\",\"x2014\":\"29\",\"x2013\":\"29\",\"x2012\":\"21\",\"x2011\":\"17\",\"x2010\":\"24\"},{\"nombre\":\"Sede principal: Mecanica Automotriz\",\"x2014\":\"28\",\"x2013\":\"35\",\"x2012\":\"34\",\"x2011\":\"24\",\"x2010\":\"30\"},{\"nombre\":\"Sede principal: Construcci\\u00f3n Civil\",\"x2014\":\"29\",\"x2013\":\"19\",\"x2012\":\"22\",\"x2011\":\"13\",\"x2010\":\"38\"},{\"nombre\":\"Sede principal: Computaci\\u00f3n e inform\\u00e1tica\",\"x2014\":\"22\",\"x2013\":\"25\",\"x2012\":\"20\",\"x2011\":\"24\",\"x2010\":\"19\"},{\"nombre\":\"Sede principal: Contabilidad\",\"x2014\":\"38\",\"x2013\":\"30\",\"x2012\":\"38\",\"x2011\":\"26\",\"x2010\":\"45\"}],\"titulados\":[{\"nombre\":\"Sede principal: ELectrotecnia Industrial\",\"x2014\":\"15\",\"x2013\":\"15\",\"x2012\":\"15\",\"x2011\":\"5\",\"x2010\":\"7\"},{\"nombre\":\"Sede principal: Electr\\u00f3nica industrial\",\"x2014\":\"14\",\"x2013\":\"7\",\"x2012\":\"5\",\"x2011\":\"1\",\"x2010\":\"4\"},{\"nombre\":\"Sede principal: Qu\\u00edmica Industrial\",\"x2014\":\"7\",\"x2013\":\"26\",\"x2012\":\"16\",\"x2011\":\"10\",\"x2010\":\"12\"},{\"nombre\":\"Sede principal: Mecanica de Producci\\u00f3n\",\"x2014\":\"15\",\"x2013\":\"11\",\"x2012\":\"6\",\"x2011\":\"4\",\"x2010\":\"8\"},{\"nombre\":\"Sede principal: Mecanica Automotriz\",\"x2014\":\"12\",\"x2013\":\"21\",\"x2012\":\"19\",\"x2011\":\"8\",\"x2010\":\"8\"},{\"nombre\":\"Sede principal: Construcci\\u00f3n Civil\",\"x2014\":\"16\",\"x2013\":\"13\",\"x2012\":\"22\",\"x2011\":\"0\",\"x2010\":\"7\"},{\"nombre\":\"Sede principal: Computaci\\u00f3n e inform\\u00e1tica\",\"x2014\":\"7\",\"x2013\":\"14\",\"x2012\":\"6\",\"x2011\":\"18\",\"x2010\":\"17\"},{\"nombre\":\"Sede principal: Contabilidad\",\"x2014\":\"17\",\"x2013\":\"26\",\"x2012\":\"15\",\"x2011\":\"3\",\"x2010\":\"18\"}],\"carrera_area\":\"ELECTROTECNIA INDUSTRIAL\",\"datos\":{\"inst\":{\"nombre\":\"Carranza Vargas Jorge Luis\",\"cargo\":\"Director General\",\"direccion\":\"Jose Castelli Nro. 900 Dsitrito de La Esperanza- Provincia de Trujillo - la Libertad\",\"fijo\":\"271654\",\"celular\":\"942064999\",\"email\":\"jorgecarranza49@hotmail.com\",\"emailalt\":\"elmeragreda@gmail.com\",\"date\":\"2015-06-26\",\"date_local\":\"26 de Junio del 2015\"},\"carr\":{\"nombre\":\"Agreda Lozano, Julio Elmer\",\"cargo\":\"Jefe de \\u00e1rea academica\",\"direccion\":\"Jos\\u00e9 Castelli Nro. 900 Distrito  de La Easperanza.\",\"fijo\":\"270235\",\"celular\":\"995151130\",\"email\":\"elmeragreda@hotmail.com\",\"emailalt\":\"elmeragreda@gmail.com\",\"date\":\"2015-06-26\",\"date_local\":\"26 de Junio del 2015\"}}}','uploads/583/45-EI-20150626124028.rar',NULL,20,45,14),(74,NULL,'uploads/583/47-DIB-74-20150623105341.rar',NULL,20,47,20),(75,NULL,'uploads/583/47-DIB-75-20150623104443.rar',NULL,20,47,21),(76,NULL,NULL,NULL,10,47,22),(77,NULL,'uploads/583/47-DIB-77-20150623105628.zip',NULL,20,47,23),(78,NULL,NULL,NULL,10,47,24),(79,NULL,NULL,NULL,10,48,25),(80,NULL,NULL,NULL,10,48,26),(81,NULL,NULL,NULL,10,50,14),(82,NULL,NULL,NULL,10,51,15),(83,NULL,NULL,NULL,10,52,20),(84,NULL,NULL,NULL,10,52,21),(85,NULL,NULL,NULL,10,52,22),(86,NULL,NULL,NULL,10,52,23),(87,NULL,NULL,NULL,10,52,24),(88,NULL,NULL,NULL,10,55,14),(89,NULL,NULL,NULL,10,57,20),(90,NULL,NULL,NULL,10,57,21),(91,NULL,NULL,NULL,10,57,22),(92,NULL,NULL,NULL,10,57,23),(93,NULL,NULL,NULL,10,57,24),(94,NULL,NULL,NULL,10,58,25),(95,NULL,NULL,NULL,10,58,26),(96,NULL,NULL,NULL,10,53,25),(97,NULL,NULL,NULL,10,53,26),(98,NULL,NULL,NULL,10,36,16),(99,NULL,NULL,NULL,10,36,17),(100,NULL,NULL,NULL,10,36,18),(101,NULL,NULL,NULL,10,46,15),(102,'{\"tifi_id\":\"2\",\"comite\":[{\"pers_nombres\":\"Margoth \\t \\t\",\"pers_apellidos\":\"Aguilar Cuevas\",\"pers_cargo\":\"Jefe del Area Acad\\u00e9mica de Enfermer\\u00eda T\\u00e9cnica \\t\",\"pers_correo\":\"aguilarcuevas@hotmail.com\",\"pers_telefono\":\"959562063 \"},{\"pers_nombres\":\"Isabel Jes\\u00fas \\t\",\"pers_apellidos\":\"Caso Villavicencio \\t\",\"pers_cargo\":\"Directora Genera\",\"pers_correo\":\"isabel050762@hotmail.com\",\"pers_telefono\":\"943797097 \"},{\"pers_nombres\":\"Cecilio \\t \",\"pers_apellidos\":\"Ojeda N\\u00fa\\u00f1ez \\t\",\"pers_cargo\":\"Jefe de Unidad Acad\\u00e9mica\",\"pers_correo\":\"cojeda@hotmail.com\",\"pers_telefono\":\"975150141 \"},{\"pers_nombres\":\"Alvia Julia \\t\",\"pers_apellidos\":\"Camposano Velasco \",\"pers_cargo\":\"\\tJefe del Area de Administraci\\u00f3n \\t\",\"pers_correo\":\"alviacam@hotmail.com\",\"pers_telefono\":\"964049107 \"},{\"pers_nombres\":\"Luz Maribel \\t\\t\",\"pers_apellidos\":\"Diaz Galarza \\t\",\"pers_cargo\":\"Docente \",\"pers_correo\":\"diaz_galamari@hotmail.com\",\"pers_telefono\":\"944932973 \"},{\"pers_nombres\":\"Hilda Luzmila \\t\",\"pers_apellidos\":\"Fernandez Jimenez \\t\",\"pers_cargo\":\"Docente \\t\",\"pers_correo\":\"hildefer@hotmail.com\",\"pers_telefono\":\"964029900 \"},{\"pers_nombres\":\"Olinda \\t\",\"pers_apellidos\":\"Esteban Casimiro \\t\\t\",\"pers_cargo\":\"Docente \\t\",\"pers_correo\":\"olis5victoria@outlook.com\",\"pers_telefono\":\"954825520 \"},{\"pers_nombres\":\"Sally \\t\",\"pers_apellidos\":\"Huaman Vilca \\t\",\"pers_cargo\":\"Estudiante \\t\",\"pers_correo\":\"saly_94_pkl@hotmail.com\",\"pers_telefono\":\"949861227 \"},{\"pers_nombres\":\"Kelly \\t\",\"pers_apellidos\":\"Yupanqui Aquino \\t\",\"pers_cargo\":\"Egresada \\t\",\"pers_correo\":\"kellykya@outlook.es\",\"pers_telefono\":\"994568387 \"},{\"pers_nombres\":\"Norma \\t\",\"pers_apellidos\":\"Jurado Ruiz \\t \\t\",\"pers_cargo\":\"Empresaria \\t\",\"pers_correo\":\"mjurador@gmail.com\",\"pers_telefono\":\"945959504 \"}],\"ruc\":\"20486432137\",\"cod_mod\":\"0795914\",\"sedes\":[{\"nombre_sede\":\"Sede principal\",\"direc\":\"Jr. Marino Nu\\u00f1ez N\\u00b0495\",\"dist\":\"Sausa\",\"prov\":\"Jauja\",\"region\":\"Jun\\u00edn\",\"carreras\":[{\"nombre\":\"Enfermer\\u00eda T\\u00e9cnica\",\"area\":\"Ciencias de la salud\",\"comite\":[{\"pers_nombres\":\"Margoth\",\"pers_apellidos\":\"Aguilar Cuevas \",\"pers_cargo\":\"Jefe del Area Acad\\u00e9mica de Enfermer\\u00eda T\\u00e9cnica\",\"pers_correo\":\"margothaguilarcuevas@hotmail.com\",\"pers_telefono\":\"959562063\"},{\"pers_nombres\":\" Isabel Jes\\u00fas\",\"pers_apellidos\":\"Caso Villavicencio\",\"pers_cargo\":\"Directora General\",\"pers_correo\":\" isabel050762@hotmail.com\",\"pers_telefono\":\"943797097\"},{\"pers_nombres\":\"Cecilio \",\"pers_apellidos\":\"Ojeda N\\u00fa\\u00f1ez\",\"pers_cargo\":\"Jefe de Unidad Acad\\u00e9mica\",\"pers_correo\":\"cecojeda@hotmail.com\",\"pers_telefono\":\"975150141\"},{\"pers_nombres\":\"Alvia Julia\",\"pers_apellidos\":\"Camposano Velasco\",\"pers_cargo\":\"Jefe del Area de Administraci\\u00f3n\",\"pers_correo\":\"alviacam@hotmail.com\",\"pers_telefono\":\"964049107\"},{\"pers_nombres\":\"Luz Maribel\",\"pers_apellidos\":\"Diaz Galarza\",\"pers_cargo\":\"Docente\",\"pers_correo\":\"diaz_galamari@hotmail.com\",\"pers_telefono\":\"944932973\"},{\"pers_nombres\":\"Hilda Luzmila\",\"pers_apellidos\":\"Fernandez Jimenez\",\"pers_cargo\":\"Docente\",\"pers_correo\":\"hildefer@hotmail.com\",\"pers_telefono\":\"964029900\"},{\"pers_nombres\":\"Olinda\",\"pers_apellidos\":\"Esteban Casimiro\",\"pers_cargo\":\"Docente\",\"pers_correo\":\"clivec@hotmail.com\",\"pers_telefono\":\"954825520\"},{\"pers_nombres\":\"Sally\",\"pers_apellidos\":\"Huaman Vilca\",\"pers_cargo\":\"Estudiante\",\"pers_correo\":\"saly_94_pkl@hotmail.com\",\"pers_telefono\":\"949861227\"},{\"pers_nombres\":\"Kelly\",\"pers_apellidos\":\"Yupanqui Aquino\",\"pers_cargo\":\"Egresada\",\"pers_correo\":\"kellykya@outlook.es\",\"pers_telefono\":\"994568387\"},{\"pers_nombres\":\"Norma\",\"pers_apellidos\":\"Jurado Ruiz\",\"pers_cargo\":\"empresaria\",\"pers_correo\":\"mjurador@gmail.com\",\"pers_telefono\":\"945959504\"}],\"estudiantes\":{\"2014\":{\"pa\":{\"M\":\"4\",\"F\":\"32\"},\"ms\":{\"M\":\"11\",\"F\":\"151\"},\"eg\":{\"M\":\"1\",\"F\":\"24\"},\"ti\":{\"M\":\"0\",\"F\":\"21\"}},\"2013\":{\"pa\":{\"M\":\"4\",\"F\":\"29\"},\"ms\":{\"M\":\"9\",\"F\":\"150\"},\"eg\":{\"M\":\"0\",\"F\":\"21\"},\"ti\":{\"M\":\"1\",\"F\":\"10\"}},\"2012\":{\"pa\":{\"M\":\"2\",\"F\":\"38\"},\"ms\":{\"M\":\"5\",\"F\":\"154\"},\"eg\":{\"M\":\"0\",\"F\":\"17\"},\"ti\":{\"M\":\"3\",\"F\":\"31\"}},\"2011\":{\"pa\":{\"M\":\"1\",\"F\":\"39\"},\"ms\":{\"M\":\"12\",\"F\":\"165\"},\"eg\":{\"M\":\"4\",\"F\":\"27\"},\"ti\":{\"M\":\"3\",\"F\":\"40\"}},\"2010\":{\"pa\":{\"M\":\"1\",\"F\":\"26\"},\"ms\":{\"M\":\"14\",\"F\":\"153\"},\"eg\":{\"M\":\"2\",\"F\":\"24\"},\"ti\":{\"M\":\"0\",\"F\":\"5\"}}},\"grados_dedicacion\":{\"pt\":{\"ex\":\"\",\"tc\":\"\",\"tp\":\"\",\"tt\":\"0\"},\"pe\":{\"ex\":\"\",\"tc\":\"\",\"tp\":\"\",\"tt\":\"\"},\"bc\":{\"ex\":\"\",\"tc\":\"\",\"tp\":\"\",\"tt\":\"\"},\"lt\":{\"ex\":\"\",\"tc\":\"2\",\"tp\":\"\",\"tt\":\"2\"},\"mm\":{\"ex\":\"\",\"tc\":\"3\",\"tp\":\"\",\"tt\":\"3\"},\"dr\":{\"ex\":\"\",\"tc\":\"\",\"tp\":\"\",\"tt\":\"0\"},\"tt\":{\"ex\":\"\",\"tc\":\"5\",\"tp\":\"\",\"tt\":\"5\"}},\"grados_condicion\":{\"pt\":{\"no\":\"\",\"co\":\"\",\"tt\":\"\"},\"pe\":{\"no\":\"\",\"co\":\"\",\"tt\":\"\"},\"bc\":{\"no\":\"\",\"co\":\"\",\"tt\":\"\"},\"lt\":{\"no\":\"2\",\"co\":\"\",\"tt\":\"2\"},\"mm\":{\"no\":\"3\",\"co\":\"\",\"tt\":\"3\"},\"dr\":{\"no\":\"\",\"co\":\"\",\"tt\":\"0\"},\"tt\":{\"no\":\"5\",\"co\":\"0\",\"tt\":\"5\"}},\"inves\":{\"2014\":{\"ti\":\"Proyecto e Informe de Investigaci\\u00f3n: \\u201cOPINI\\u00d3N DE LOS USUARIOS SOBRE LA IMAGEN INSTITUCIONAL DEL IESTP \\u201cSAUSA\\u201d, EN EL PERIODO 2014\\u201d\",\"ac\":\"Imagen Institucional\",\"in\":\"Mg. Luz Maribel Diaz Galarza y Mg. Margoth Aguilar Cuevas.\"},\"2013\":{\"ti\":\"NIVEL DE SATISFACCI\\u00d3N DE LOS ESTUDIANTES DEL VI SEMESTRE EN RELACI\\u00d3N CON SUS PROCESOS ACAD\\u00c9MICOS EN EL \\u00c1REA ACAD\\u00c9MICA DE ENFERMER\\u00cdA T\\u00c9CNICA DEL I.E.S.T.P. SAUSA EN EL PERIODO 2013\\u201d\",\"ac\":\"Procesos Acad\\u00e9micos\",\"in\":\"Mg. Luz Maribel D\\u00edaz Galarza y Lic. Margoth Aguilar Cuevas.\"},\"2012\":{\"ti\":\"\",\"ac\":\"\",\"in\":\"\"},\"2011\":{\"ti\":\"\",\"ac\":\"\",\"in\":\"\"},\"2010\":{\"ti\":\"\",\"ac\":\"\",\"in\":\"\"}},\"publi\":{\"2014\":{\"ti\":\"\",\"ac\":\"\",\"in\":\"\"},\"2013\":{\"ti\":\"\",\"ac\":\"\",\"in\":\"\"},\"2012\":{\"ti\":\"\",\"ac\":\"\",\"in\":\"\"},\"2011\":{\"ti\":\"\",\"ac\":\"\",\"in\":\"\"},\"2010\":{\"ti\":\"\",\"ac\":\"\",\"in\":\"\"}},\"paten\":{\"2014\":{\"ti\":\"\",\"ac\":\"\",\"in\":\"\"},\"2013\":{\"ti\":\"\",\"ac\":\"\",\"in\":\"\"},\"2012\":{\"ti\":\"\",\"ac\":\"\",\"in\":\"\"},\"2011\":{\"ti\":\"\",\"ac\":\"\",\"in\":\"\"},\"2010\":{\"ti\":\"\",\"ac\":\"\",\"in\":\"\"}},\"actividades\":{\"2014\":\"Cuidado al adulto mayor en el distrito de Yauyos -  Valoraci\\u00f3n nutricional a los estudiantes del I.E. Xatun Sausa nivel primario\\t\\t\\t\\t\\t\\t\\t\\t Atenci\\u00f3n al adulto mayor en el distrito de Yauyos - Campa\\u00f1a de salud en el distrito de Yauyos y Huancas.\\t\\t\\t\\t\\t\\t\\t\\t\\t\\t\\t\\t\\t \\t\\t\\t\\t\\t\\t\",\"2013\":\" Atenci\\u00f3n al adulto mayor en el distrito de Yauyos - Campa\\u00f1a de salud en el distrito de Yauyos y Huancas.\\t\\t\\t\\t\\t\",\"2012\":\" Campa\\u00f1a de salud Integral en la Provincia de Jauja y Yauyos.\\t\\t\\t\",\"2011\":\"Campa\\u00f1a de salud Integral en la Provincia de Jauja.\\t\\t\",\"2010\":\" Campa\\u00f1a de salud Integral en la Provincia de Jauja.\\t\\t\\t\\t\\t\\t\\t\\t\"},\"servicios\":{\"2014\":\"Atenci\\u00f3n Psicologia a los estudiantes del A.A. y Atenci\\u00f3n del topico de salud.\\t\\t\\t\\t\\t\\t\\t\\t\\t\\t\\t\\t\\t\\t\\t\",\"2013\":\" Atenci\\u00f3n del topico de salud.\\t\\t\\t\",\"2012\":\" Atenci\\u00f3n del topico de salud.\\t\\t\\t\",\"2011\":\" Atenci\\u00f3n del topico de salud.\\t\\t\\t\",\"2010\":\" Atenci\\u00f3n del topico de salud.\\t\\t\\t\"},\"vinculos\":[{\"ic\":\"Municipalidad de Yauyos\",\"dv\":\"Convenio para proyecci\\u00f3n Social\"},{\"ic\":\"Municipalidad de Sausa\",\"dv\":\"Convenio para proyecci\\u00f3n Social\"},{\"ic\":\"Municipalidad de Paccha\",\"dv\":\"Convenio para proyecci\\u00f3n Social\"},{\"ic\":\"IE Hatun Sausa\",\"dv\":\"Convenio para proyecci\\u00f3n Social\"}],\"origen_fondos\":{\"pao\":{\"2014n\":\"\",\"2014p\":\"\",\"2013n\":\"\",\"2013p\":\"\"},\"rdr\":{\"2014n\":\"6430\",\"2014p\":\"\",\"2013n\":\"2670\",\"2013p\":\"\"},\"itd\":{\"2014n\":\"\",\"2014p\":\"\",\"2013n\":\"\",\"2013p\":\"\"},\"otr\":{\"2014n\":\"\",\"2014p\":\"\",\"2013n\":\"\",\"2013p\":\"\"},\"tot\":{\"2014n\":\"6430\",\"2014p\":\"0\",\"2013n\":\"2670\",\"2013p\":\"\"}},\"destino_fondos\":{\"s1\":{\"2014n\":\"\",\"2014p\":\"\",\"2013n\":\"\",\"2013p\":\"\"},\"s2\":{\"2014n\":\"\",\"2014p\":\"\",\"2013n\":\"\",\"2013p\":\"\"},\"bc\":{\"2014n\":\"\",\"2014p\":\"\",\"2013n\":\"\",\"2013p\":\"\"},\"ob\":{\"2014n\":\"\",\"2014p\":\"\",\"2013n\":\"\",\"2013p\":\"\"},\"ou\":{\"2014n\":\"\",\"2014p\":\"\",\"2013n\":\"\",\"2013p\":\"\"},\"tt\":{\"2014n\":\"\",\"2014p\":\"\",\"2013n\":\"\",\"2013p\":\"\"}}}]}],\"grados_dedicacion\":{\"pt\":{\"ex\":\"\",\"tc\":\"\",\"tp\":\"\",\"tt\":\"\"},\"pe\":{\"ex\":\"\",\"tc\":\"\",\"tp\":\"\",\"tt\":\"\"},\"bc\":{\"ex\":\"\",\"tc\":\"\",\"tp\":\"\",\"tt\":\"0\"},\"lt\":{\"ex\":\"\",\"tc\":\"23\",\"tp\":\"\",\"tt\":\"23\"},\"mm\":{\"ex\":\"\",\"tc\":\"8\",\"tp\":\"\",\"tt\":\"8\"},\"dr\":{\"ex\":\"\",\"tc\":\"\",\"tp\":\"\",\"tt\":\"0\"},\"tt\":{\"ex\":\"\",\"tc\":\"31\",\"tp\":\"0\",\"tt\":\"31\"}},\"grados_condicion\":{\"pt\":{\"no\":\"\",\"co\":\"\",\"tt\":\"\"},\"pe\":{\"no\":\"\",\"co\":\"\",\"tt\":\"\"},\"bc\":{\"no\":\"\",\"co\":\"\",\"tt\":\"\"},\"lt\":{\"no\":\"15\",\"co\":\"8\",\"tt\":\"23\"},\"mm\":{\"no\":\"6\",\"co\":\"2\",\"tt\":\"8\"},\"dr\":{\"no\":\"\",\"co\":\"\",\"tt\":\"0\"},\"tt\":{\"no\":\"21\",\"co\":\"10\",\"tt\":\"31\"}},\"p_admision\":[{\"nombre\":\"Sede principal: Enfermer\\u00eda T\\u00e9cnica\",\"x2014\":\"38\",\"x2013\":\"39\",\"x2012\":\"47\",\"x2011\":\"40\",\"x2010\":\"32\"}],\"m_semestre\":[{\"nombre\":\"Sede principal: Enfermer\\u00eda T\\u00e9cnica\",\"x2014\":\"36\",\"x2013\":\"82\",\"x2012\":\"83\",\"x2011\":\"94\",\"x2010\":\"85\"}],\"egresados\":[{\"nombre\":\"Sede principal: Enfermer\\u00eda T\\u00e9cnica\",\"x2014\":\"25\",\"x2013\":\"21\",\"x2012\":\"17\",\"x2011\":\"31\",\"x2010\":\"26\"}],\"titulados\":[{\"nombre\":\"Sede principal: Enfermer\\u00eda T\\u00e9cnica\",\"x2014\":\"21\",\"x2013\":\"11\",\"x2012\":\"34\",\"x2011\":\"43\",\"x2010\":\"5\"}],\"carrera_area\":\"Ciencias de la Salud\",\"datos\":{\"inst\":{\"nombre\":\"Caso Villavicencio  Isabel Jes\\u00fas\",\"cargo\":\"DIRECTORA GENERAL\",\"direccion\":\"Jr. Marino N\\u00falez N\\u00b0 495\",\"fijo\":\"064361726\",\"celular\":\"943797097\",\"email\":\"IESTPSAUSA@hotmail.com\",\"emailalt\":\"isabel050762@hotmail.com\",\"date\":\"2015-06-26\",\"date_local\":\"26 de Junio del 2015\"},\"carr\":{\"nombre\":\"Aguilar Cuevas Margoth Marleny\",\"cargo\":\"JEFE DEL AREA ACD\\u00c9MICA DE ENFERMER\\u00cdA T\\u00c9CNICA\",\"direccion\":\"Jr. Marino N\\u00falez N\\u00b0 495\",\"fijo\":\"064361726\",\"celular\":\"959562063 \",\"email\":\"IESTPSAUSA@hotmail.com\",\"emailalt\":\"margothaguilarcuevas@hotmail.com\",\"date\":\"2015-06-26\",\"date_local\":\"26 de Junio del 2015\"}}}',NULL,NULL,10,60,14),(103,NULL,NULL,NULL,10,65,14),(104,'{\"tifi_id\":\"2\",\"comite\":[{\"pers_nombres\":\"H\\u00c9CTOR ORLANDO\",\"pers_apellidos\":\"APAZA MAMANI\",\"pers_cargo\":\"JEFE DE AREA\",\"pers_correo\":\"Hapaza_z@hotmail.com\",\"pers_telefono\":\"980700278\"},{\"pers_nombres\":\"MIGUEL ALEJANDRO\",\"pers_apellidos\":\"MENDOZA LOZA\",\"pers_cargo\":\"JEFE DE UNIDAD ACAD\\u00c9MICA\",\"pers_correo\":\"mialmelo@hotmail.com\",\"pers_telefono\":\"930313700\"},{\"pers_nombres\":\"LUZ MERCEDES\",\"pers_apellidos\":\"RAMOS ZU\\u00d1IGA\",\"pers_cargo\":\"DOCENTE\",\"pers_correo\":\"luzramos2@hotmail.com\",\"pers_telefono\":\"985181856\"},{\"pers_nombres\":\"BRISDENIA MARIBEL\",\"pers_apellidos\":\"CONDORI PORTILLO\",\"pers_cargo\":\"DOCENTE\",\"pers_correo\":\"brisdenia@hotmail.com\",\"pers_telefono\":\"951683702\"},{\"pers_nombres\":\"YOVANA\",\"pers_apellidos\":\"LUQUE VALERO\",\"pers_cargo\":\"ADMINISTRATIVO\",\"pers_correo\":\"yoluva@gmail.com\",\"pers_telefono\":\"968008004\"},{\"pers_nombres\":\"YENNY CARMEN \",\"pers_apellidos\":\"IDME LUQUE\",\"pers_cargo\":\"ESTUDIANTE\",\"pers_correo\":\"yeylu@live.com\",\"pers_telefono\":\"943679836\"},{\"pers_nombres\":\"YENNY LISBETH\",\"pers_apellidos\":\"CCASA NU\\u00d1EZ\",\"pers_cargo\":\"EGRESADO\",\"pers_correo\":\"jhoius@hotmail.com\",\"pers_telefono\":\"951513163\"}],\"ruc\":\"20322537337\",\"cod_mod\":\"0716779\",\"sedes\":[{\"nombre_sede\":\"Sede principal\",\"direc\":\"Av. Balsaspata N\\u00ba 280\\t\",\"dist\":\"AYAVIRI\",\"prov\":\"MELGAR\",\"region\":\"PUNO\",\"carreras\":[{\"nombre\":\"INDUSTRIAS ALIMENTARIAS\",\"area\":\"TECNOL\\u00d3GICO\",\"comite\":[{\"pers_nombres\":\"HECTOR ORLANDO\",\"pers_apellidos\":\"APAZA MAMANI\",\"pers_cargo\":\"JEFE DE AREA\",\"pers_correo\":\"hapaza_z@hotmail.com\",\"pers_telefono\":\"980700278\"},{\"pers_nombres\":\"MIGUEL ALEJANDRO\",\"pers_apellidos\":\"MENDOZA LOZA\",\"pers_cargo\":\"JEFE DE UNIDAD ACADEMICA\",\"pers_correo\":\"mialmelo@hotmail.com\",\"pers_telefono\":\"930313700\"},{\"pers_nombres\":\"LUZ MERCEDES \",\"pers_apellidos\":\"RAMOS ZU\\u00d1IGA\",\"pers_cargo\":\"DOCENTE\",\"pers_correo\":\"luzramos2@hotmail.com\",\"pers_telefono\":\"985181856\"},{\"pers_nombres\":\"BRISDENIA MARIBEL\",\"pers_apellidos\":\"CONDORI PORTILLO\",\"pers_cargo\":\"DOCENTE\",\"pers_correo\":\"brisdenia@hotmail.com\",\"pers_telefono\":\"951683702\"},{\"pers_nombres\":\"YOVANA \",\"pers_apellidos\":\"LUQUE VALERO\",\"pers_cargo\":\"ADMINISTRATIVO\",\"pers_correo\":\"yoluva@gmail.com\",\"pers_telefono\":\"968008004\"},{\"pers_nombres\":\"YENNY CARMEN \",\"pers_apellidos\":\"IDME LUQUE\",\"pers_cargo\":\"ESTUDIANTE\",\"pers_correo\":\"yeylu1987@live.com\",\"pers_telefono\":\"943679836\"},{\"pers_nombres\":\"YENNY LISBETH\",\"pers_apellidos\":\"CCASA NU\\u00d1EZ\",\"pers_cargo\":\"EGRESADA\",\"pers_correo\":\"jhoius@hotmail.com\",\"pers_telefono\":\"951513163\"}],\"estudiantes\":{\"2014\":{\"pa\":{\"M\":\"10\",\"F\":\"22\"},\"ms\":{\"M\":\"30\",\"F\":\"63\"},\"eg\":{\"M\":\"7\",\"F\":\"17\"},\"ti\":{\"M\":\"5\",\"F\":\"8\"}},\"2013\":{\"pa\":{\"M\":\"18\",\"F\":\"20\"},\"ms\":{\"M\":\"25\",\"F\":\"53\"},\"eg\":{\"M\":\"8\",\"F\":\"15\"},\"ti\":{\"M\":\"13\",\"F\":\"9\"}},\"2012\":{\"pa\":{\"M\":\"16\",\"F\":\"26\"},\"ms\":{\"M\":\"57\",\"F\":\"67\"},\"eg\":{\"M\":\"15\",\"F\":\"23\"},\"ti\":{\"M\":\"7\",\"F\":\"11\"}},\"2011\":{\"pa\":{\"M\":\"35\",\"F\":\"13\"},\"ms\":{\"M\":\"42\",\"F\":\"64\"},\"eg\":{\"M\":\"15\",\"F\":\"15\"},\"ti\":{\"M\":\"9\",\"F\":\"11\"}},\"2010\":{\"pa\":{\"M\":\"48\",\"F\":\"19\"},\"ms\":{\"M\":\"44\",\"F\":\"59\"},\"eg\":{\"M\":\"14\",\"F\":\"15\"},\"ti\":{\"M\":\"N\\/A\",\"F\":\"N\\/A\"}}},\"grados_dedicacion\":{\"pt\":{\"ex\":\"0\",\"tc\":\"0\",\"tp\":\"0\",\"tt\":\"0\"},\"pe\":{\"ex\":\"0\",\"tc\":\"6\",\"tp\":\"0\",\"tt\":\"6\"},\"bc\":{\"ex\":\"0\",\"tc\":\"0\",\"tp\":\"0\",\"tt\":\"0\"},\"lt\":{\"ex\":\"0\",\"tc\":\"3\",\"tp\":\"0\",\"tt\":\"3\"},\"mm\":{\"ex\":\"0\",\"tc\":\"0\",\"tp\":\"0\",\"tt\":\"0\"},\"dr\":{\"ex\":\"0\",\"tc\":\"0\",\"tp\":\"0\",\"tt\":\"0\"},\"tt\":{\"ex\":\"0\",\"tc\":\"9\",\"tp\":\"0\",\"tt\":\"9\"}},\"grados_condicion\":{\"pt\":{\"no\":\"0\",\"co\":\"0\",\"tt\":\"0\"},\"pe\":{\"no\":\"2\",\"co\":\"4\",\"tt\":\"6\"},\"bc\":{\"no\":\"0\",\"co\":\"0\",\"tt\":\"0\"},\"lt\":{\"no\":\"2\",\"co\":\"1\",\"tt\":\"3\"},\"mm\":{\"no\":\"0\",\"co\":\"0\",\"tt\":\"0\"},\"dr\":{\"no\":\"0\",\"co\":\"0\",\"tt\":\"0\"},\"tt\":{\"no\":\"4\",\"co\":\"5\",\"tt\":\"9\"}},\"inves\":{\"2014\":{\"ti\":\"Mejoramiento de capacidades en el procesamiento de paletas de quinua\\t\",\"ac\":\"Industrias alimentarias\\t\",\"in\":\"HUANATICO SUAREZ PILAR\"},\"2013\":{\"ti\":\"Aplicaci\\u00f3n de tecnicas ludicas para el mejoramiento ortografico en el area de comunicaci\\u00f3n.\",\"ac\":\"Comunicaci\\u00f3n\\t\",\"in\":\"APAZAZA MAMANI HECTOR ORLANDO, MALAGA DEZA CARLOS, RAMOS ZU\\u00d1IGA LUZ M.\\t\"},\"2012\":{\"ti\":\"Aplicaci\\u00f3n de la chijchipa en la elaboracion de queso fundido untable\\t\",\"ac\":\"Industrias alimentarias\\t\",\"in\":\"CONDORI PORTILLO BRISDENIA MARIBEL\\t\"},\"2011\":{\"ti\":\"Fortalecimiento de tecnicas productivas de transformacion de productos carnicos\\t\",\"ac\":\"Industrias alimentarias\\t\",\"in\":\"APAZA MAMANI HECTOR ORLANDO Y RAMOS ZU\\u00d1IGA LUZ MERCEDES\\t\"},\"2010\":{\"ti\":\"Elaboracion de hog dog a partir de carne de alpaca enrriquecido con harina de quinua\\t\",\"ac\":\"Industrias alimentarias\\t\",\"in\":\"RAMOS ZU\\u00d1IGA LUZ MERCEDES\\t\"}},\"publi\":{\"2014\":{\"ti\":\"Construccion de un secador por atomizacion a nivel de laboratorio y su evaluacion en la obtencion de leche en polvo\\t\",\"ac\":\"Ciencia y tecnologia\\t\",\"in\":\"CALLA CHACON LISSET ALEJANDRINA\\t\"},\"2013\":{\"ti\":\"Revista de divulgacion carne de alpaca\\t\",\"ac\":\"Ciencia y tecnologia\\t\",\"in\":\"APAZA MAMANI HECTOR ORLANDO\\t\"},\"2012\":{\"ti\":\"Elaboraci\\u00f3n de productos lacteos\\t\",\"ac\":\"Ciencia y tecnologia\\t\",\"in\":\"RAMOS ZU\\u00d1IGA LUZ, CERVANTES TAPIA JHON Y LUQUE VALERO YOVANA\\t\"},\"2011\":{\"ti\":\"Chocolateria basica\\t\",\"ac\":\"Ciencia y tecnologia\\t\",\"in\":\"CONDORI PORTILLO BRISDENIA\\t\"},\"2010\":{\"ti\":\"N\\/A\",\"ac\":\"N\\/A\",\"in\":\"N\\/A\"}},\"paten\":{\"2014\":{\"ti\":\"N\\/A\",\"ac\":\"N\\/A\",\"in\":\"N\\/A\"},\"2013\":{\"ti\":\"N\\/A\",\"ac\":\"N\\/A\",\"in\":\"N\\/A\"},\"2012\":{\"ti\":\"N\\/A\",\"ac\":\"N\\/A\",\"in\":\"N\\/A\"},\"2011\":{\"ti\":\"N\\/A\",\"ac\":\"N\\/A\",\"in\":\"N\\/A\"},\"2010\":{\"ti\":\"N\\/A\",\"ac\":\"N\\/A\",\"in\":\"N\\/A\"}},\"actividades\":{\"2014\":\"Paticipacion en Feria INTI Puno\",\"2013\":\"Participacion en la Feria Ganadera de Santa Rosa\\t\\t\\t\\t\\t\\t\\t\\t\",\"2012\":\"Participacion en la Feria Ganadera de Santa Rosa\\t\\t\\t\\t\\t\\t\\t\\t\",\"2011\":\"Participacion en la Feria Ganadera de Ayaviri\\t\\t\\t\\t\\t\\t\\t\\t\\t\\t\\t\\t\\t\\t\",\"2010\":\"Participacion en la Feria Ganadera de Santa Rosa\\t\\t\\t\\t\\t\\t\\t\\t\"},\"servicios\":{\"2014\":\"Servicios de consejeria, orientacion profesional y propedeutica academica\",\"2013\":\"Servicios de consejeria, orientacion profesional y propedeutica academica\",\"2012\":\"Servicios de consejeria, orientacion profesional y propedeutica academica\",\"2011\":\"Servicios de consejeria, orientacion profesional y propedeutica academica\",\"2010\":\"Servicios de consejeria, orientacion profesional y propedeutica academica\"},\"vinculos\":[{\"ic\":\"Proyecto Especial Lago Titicaca - Puno\\t\\t\\t\",\"dv\":\"Convenio\\t\\t\\t\\t\\t\"},{\"ic\":\"Rural Alianza Empresa de Propiedad Social\\t\\t\\t\",\"dv\":\"Convenio\\t\\t\\t\\t\\t\"},{\"ic\":\"Asociacion Nacional de Productores Ecologicos ANPE\\t\\t\\t\",\"dv\":\"Convenio\\t\\t\\t\\t\\t\"}],\"origen_fondos\":{\"pao\":{\"2014n\":\"0\",\"2014p\":\"0.00\",\"2013n\":\"0\",\"2013p\":\"0.00\"},\"rdr\":{\"2014n\":\"12585\",\"2014p\":\"100.00\",\"2013n\":\"12934\",\"2013p\":\"100.00\"},\"itd\":{\"2014n\":\"0\",\"2014p\":\"0.00\",\"2013n\":\"0\",\"2013p\":\"0.00\"},\"otr\":{\"2014n\":\"0\",\"2014p\":\"0.00\",\"2013n\":\"0\",\"2013p\":\"0.00\"},\"tot\":{\"2014n\":\"12585\",\"2014p\":\"100.00\",\"2013n\":\"12934\",\"2013p\":\"100.00\"}},\"destino_fondos\":{\"s1\":{\"2014n\":\"0\",\"2014p\":\"0.00\",\"2013n\":\"0\",\"2013p\":\"0.00\"},\"s2\":{\"2014n\":\"0\",\"2014p\":\"0.00\",\"2013n\":\"0\",\"2013p\":\"0.00\"},\"bc\":{\"2014n\":\"12585\",\"2014p\":\"100.00\",\"2013n\":\"12934\",\"2013p\":\"100.00\"},\"ob\":{\"2014n\":\"0\",\"2014p\":\"0.00\",\"2013n\":\"0\",\"2013p\":\"0.00\"},\"ou\":{\"2014n\":\"0\",\"2014p\":\"0.00\",\"2013n\":\"0\",\"2013p\":\"0.00\"},\"tt\":{\"2014n\":\"12585\",\"2014p\":\"100.00\",\"2013n\":\"12934\",\"2013p\":\"100.00\"}}}]}],\"grados_dedicacion\":{\"pt\":{\"ex\":\"0\",\"tc\":\"1\",\"tp\":\"0\",\"tt\":\"1\"},\"pe\":{\"ex\":\"0\",\"tc\":\"0\",\"tp\":\"0\",\"tt\":\"0\"},\"bc\":{\"ex\":\"0\",\"tc\":\"0\",\"tp\":\"0\",\"tt\":\"0\"},\"lt\":{\"ex\":\"0\",\"tc\":\"39\",\"tp\":\"0\",\"tt\":\"39\"},\"mm\":{\"ex\":\"0\",\"tc\":\"0\",\"tp\":\"0\",\"tt\":\"0\"},\"dr\":{\"ex\":\"0\",\"tc\":\"0\",\"tp\":\"0\",\"tt\":\"0\"},\"tt\":{\"ex\":\"0\",\"tc\":\"40\",\"tp\":\"0\",\"tt\":\"40\"}},\"grados_condicion\":{\"pt\":{\"no\":\"0\",\"co\":\"1\",\"tt\":\"1\"},\"pe\":{\"no\":\"0\",\"co\":\"0\",\"tt\":\"0\"},\"bc\":{\"no\":\"0\",\"co\":\"0\",\"tt\":\"0\"},\"lt\":{\"no\":\"29\",\"co\":\"10\",\"tt\":\"39\"},\"mm\":{\"no\":\"0\",\"co\":\"0\",\"tt\":\"0\"},\"dr\":{\"no\":\"0\",\"co\":\"0\",\"tt\":\"0\"},\"tt\":{\"no\":\"29\",\"co\":\"11\",\"tt\":\"40\"}},\"p_admision\":[{\"nombre\":\"Sede principal: INDUSTRIAS ALIMENTARIAS\",\"x2014\":\"32\",\"x2013\":\"38\",\"x2012\":\"42\",\"x2011\":\"48\",\"x2010\":\"67\"}],\"m_semestre\":[{\"nombre\":\"Sede principal: INDUSTRIAS ALIMENTARIAS\",\"x2014\":\"93\",\"x2013\":\"78\",\"x2012\":\"104\",\"x2011\":\"106\",\"x2010\":\"103\"}],\"egresados\":[{\"nombre\":\"Sede principal: INDUSTRIAS ALIMENTARIAS\",\"x2014\":\"24\",\"x2013\":\"23\",\"x2012\":\"38\",\"x2011\":\"30\",\"x2010\":\"29\"}],\"titulados\":[{\"nombre\":\"Sede principal: INDUSTRIAS ALIMENTARIAS\",\"x2014\":\"13\",\"x2013\":\"22\",\"x2012\":\"18\",\"x2011\":\"20\",\"x2010\":\"N\\/A\"}],\"carrera_area\":\"TECNOL\\u00d3GICO\",\"datos\":{\"inst\":{\"nombre\":\"PANIAGUA MACHICAO, F\\u00e9lix Mirardo\\t\\t\\t\\t\\t\",\"cargo\":\"DIRECTOR GENERAL\\t\\t\\t\\t\\t\",\"direccion\":\"Av. Balsaspata N\\u00ba 280\\t\\t\\t\\t\\t\",\"fijo\":\"051 563080\",\"celular\":\"951 784214\",\"email\":\"isepa2014@gmail.com\",\"emailalt\":\"fpaniaguam@hotmail.com\",\"date\":\"2015-06-30\",\"date_local\":\"30 de Junio del 2015\"},\"carr\":{\"nombre\":\"APAZA MAMANI HECTOR ORLANDO \\t\\t\\t\\t\\t\",\"cargo\":\"Jefe de Area Academica\\t\\t\\t\\t\\t\",\"direccion\":\"Av. Balsaspata N\\u00ba 280\\t\\t\\t\\t\\t\",\"fijo\":\"051 563080\",\"celular\":\"980700278\",\"email\":\"industriasalimentariasisepa@gmail.com\",\"emailalt\":\"hapaza_z@hotmail.com\",\"date\":\"2015-06-30\",\"date_local\":\"30 de Junio del 2015\"}}}',NULL,NULL,10,70,14),(105,NULL,NULL,NULL,10,72,20),(106,NULL,NULL,NULL,10,72,21),(107,NULL,NULL,NULL,10,72,22),(108,NULL,NULL,NULL,10,72,23),(109,NULL,NULL,NULL,10,72,24),(110,NULL,NULL,NULL,10,68,25),(111,NULL,NULL,NULL,10,68,26),(112,NULL,NULL,NULL,10,62,20),(113,NULL,NULL,NULL,10,62,21),(114,NULL,NULL,NULL,10,62,22),(115,NULL,NULL,NULL,10,62,23),(116,NULL,NULL,NULL,10,62,24),(117,NULL,NULL,NULL,10,61,15),(118,NULL,NULL,NULL,10,61,16),(119,NULL,NULL,NULL,10,63,25),(120,NULL,NULL,NULL,10,63,26),(121,'{\"tifi_id\":\"2\",\"comite\":[{\"pers_nombres\":\"Alfonso\",\"pers_apellidos\":\"Vigo Qui\\u00f1ones\",\"pers_cargo\":\"Director General\",\"pers_correo\":\"alfvigo@gmail.com\",\"pers_telefono\":\"956961323\"},{\"pers_nombres\":\"Gladys\",\"pers_apellidos\":\"Gallegos Camacho\",\"pers_cargo\":\"Jefe de Unidad Administrativa\",\"pers_correo\":\"gladyszoot@hotmail.com\",\"pers_telefono\":\"975637779\"},{\"pers_nombres\":\"Melecio Mois\\u00e9s\",\"pers_apellidos\":\"De La cuz Quesada \",\"pers_cargo\":\"Jefe de la Unidad Acad\\u00e9mica\",\"pers_correo\":\"meledq@hotmail.com\",\"pers_telefono\":\"980165936\"},{\"pers_nombres\":\"Walter Herm\\u00f3genes\",\"pers_apellidos\":\"Ortiz Marin \",\"pers_cargo\":\"Jefe del \\u00c1rea Acad\\u00e9mica\",\"pers_correo\":\"walter306@hotmail.com\",\"pers_telefono\":\"954960669\"},{\"pers_nombres\":\"Rosadio Marcos\",\"pers_apellidos\":\"Sim\\u00f3n Ventura\",\"pers_cargo\":\"Docente formador\",\"pers_correo\":\"sivem_2005@hotmail.com\",\"pers_telefono\":\"995705229\"},{\"pers_nombres\":\"Yuri Holsin\",\"pers_apellidos\":\"Calle Cheje \",\"pers_cargo\":\"Docente formador\",\"pers_correo\":\"yuricalle@hotmail.com\",\"pers_telefono\":\"989937472\"},{\"pers_nombres\":\"Emily Esperanza\",\"pers_apellidos\":\"Carmelo Cabrera \",\"pers_cargo\":\"Personal administrativo\",\"pers_correo\":\"emy1521@hotmail.com\",\"pers_telefono\":\"943561805\"},{\"pers_nombres\":\"Julio Eduardo\",\"pers_apellidos\":\"Miranda Piqu\\u00e9 \",\"pers_cargo\":\"Representante de los egresados\",\"pers_correo\":\"jmirandapq.86@gmail.com\",\"pers_telefono\":\"954649903\"},{\"pers_nombres\":\"Luis Miguel\",\"pers_apellidos\":\"Ayala B\\u00e1ez \",\"pers_cargo\":\"Representante de los alumnos\",\"pers_correo\":\"miguel82_31_sd_vacilo@hotmail.com\",\"pers_telefono\":\"953534572\"}],\"ruc\":\"20600121341\",\"cod_mod\":\"1672369\",\"sedes\":[{\"nombre_sede\":\"Sede principal\",\"direc\":\"Calle 8 de Diciembre Mzna. 30-Lote 17, Urb. Huando - Complejo Educativo Huando - Huaral\",\"dist\":\"Huaral\",\"prov\":\"Huaral\",\"region\":\"Lima Provincias\",\"carreras\":[{\"nombre\":\"Producci\\u00f3n Agropecuaria\",\"area\":\"Agropecuaria\",\"comite\":[{\"pers_nombres\":\"ALFONSO\",\"pers_apellidos\":\"VIGO QUI\\u00d1ONES\",\"pers_cargo\":\"DIRECTOR\",\"pers_correo\":\"alfvigo@gmail.com\",\"pers_telefono\":\"956961323\"}],\"estudiantes\":{\"2014\":{\"pa\":{\"M\":\"56\",\"F\":\"32\"},\"ms\":{\"M\":\"233\",\"F\":\"109\"},\"eg\":{\"M\":\"34\",\"F\":\"18\"},\"ti\":{\"M\":\"9\",\"F\":\"5\"}},\"2013\":{\"pa\":{\"M\":\"73\",\"F\":\"22\"},\"ms\":{\"M\":\"227\",\"F\":\"111\"},\"eg\":{\"M\":\"25\",\"F\":\"14\"},\"ti\":{\"M\":\"46\",\"F\":\"31\"}},\"2012\":{\"pa\":{\"M\":\"67\",\"F\":\"37\"},\"ms\":{\"M\":\"234\",\"F\":\"131\"},\"eg\":{\"M\":\"27\",\"F\":\"18\"},\"ti\":{\"M\":\"18\",\"F\":\"9\"}},\"2011\":{\"pa\":{\"M\":\"73\",\"F\":\"33\"},\"ms\":{\"M\":\"234\",\"F\":\"124\"},\"eg\":{\"M\":\"29\",\"F\":\"21\"},\"ti\":{\"M\":\"38\",\"F\":\"11\"}},\"2010\":{\"pa\":{\"M\":\"58\",\"F\":\"32\"},\"ms\":{\"M\":\"251\",\"F\":\"130\"},\"eg\":{\"M\":\"42\",\"F\":\"17\"},\"ti\":{\"M\":\"41\",\"F\":\"10\"}}},\"grados_dedicacion\":{\"pt\":{\"ex\":\"0\",\"tc\":\"0\",\"tp\":\"2\",\"tt\":\"2\"},\"pe\":{\"ex\":\"0\",\"tc\":\"0\",\"tp\":\"0\",\"tt\":\"0\"},\"bc\":{\"ex\":\"0\",\"tc\":\"0\",\"tp\":\"0\",\"tt\":\"0\"},\"lt\":{\"ex\":\"0\",\"tc\":\"11\",\"tp\":\"0\",\"tt\":\"11\"},\"mm\":{\"ex\":\"0\",\"tc\":\"0\",\"tp\":\"0\",\"tt\":\"0\"},\"dr\":{\"ex\":\"0\",\"tc\":\"1\",\"tp\":\"0\",\"tt\":\"1\"},\"tt\":{\"ex\":\"0\",\"tc\":\"12\",\"tp\":\"2\",\"tt\":\"14\"}},\"grados_condicion\":{\"pt\":{\"no\":\"0\",\"co\":\"2\",\"tt\":\"2\"},\"pe\":{\"no\":\"0\",\"co\":\"0\",\"tt\":\"0\"},\"bc\":{\"no\":\"0\",\"co\":\"0\",\"tt\":\"0\"},\"lt\":{\"no\":\"3\",\"co\":\"8\",\"tt\":\"11\"},\"mm\":{\"no\":\"0\",\"co\":\"0\",\"tt\":\"0\"},\"dr\":{\"no\":\"1\",\"co\":\"0\",\"tt\":\"1\"},\"tt\":{\"no\":\"4\",\"co\":\"10\",\"tt\":\"14\"}},\"inves\":{\"2014\":{\"ti\":\"Eficiencia de la Inseminaci\\u00f3n artifical en 4 razas diferentes de conejos\",\"ac\":\"Ciencias agrarias\",\"in\":\"Lic.  Melecio Moises De la Cruz Quesada\"},\"2013\":{\"ti\":\"Uso de la avispa Muscifurax sp. como parasitoides para el control de la mosca dom\\u00e9stica\",\"ac\":\"Ciencias agrarias\",\"in\":\"Lic.  Melecio Moises De la Cruz Quesada\"},\"2012\":{\"ti\":\"Crianza del controlador biologico Podisus Nigrispinus para el control de la plaga Spodoptera Frugiperda \",\"ac\":\"Ciencias agrarias\",\"in\":\"Ing. Walter Ortiz Marin\"},\"2011\":{\"ti\":\"Crianza de insectos ben\\u00e9ficos\",\"ac\":\"Ciencias agrarias\",\"in\":\"Ing. Walter Ortiz Marin\"},\"2010\":{\"ti\":\"0\",\"ac\":\"0\",\"in\":\"0\"}},\"publi\":{\"2014\":{\"ti\":\"Crianza de insectos ben\\u00e9ficos. (http:\\/\\/www.monografias.com\\/trabajos100\\/crianza-insectos-beneficos\\/crianza-insectos-beneficos.shtml)\",\"ac\":\"Ciencias agrarias\",\"in\":\"Ing. Walter Ortiz Marin\"},\"2013\":{\"ti\":\"0\",\"ac\":\"0\",\"in\":\"0\"},\"2012\":{\"ti\":\"0\",\"ac\":\"0\",\"in\":\"0\"},\"2011\":{\"ti\":\"0\",\"ac\":\"0\",\"in\":\"0\"},\"2010\":{\"ti\":\"0\",\"ac\":\"0\",\"in\":\"0\"}},\"paten\":{\"2014\":{\"ti\":\"0\",\"ac\":\"0\",\"in\":\"0\"},\"2013\":{\"ti\":\"0\",\"ac\":\"0\",\"in\":\"0\"},\"2012\":{\"ti\":\"0\",\"ac\":\"0\",\"in\":\"0\"},\"2011\":{\"ti\":\"0\",\"ac\":\"0\",\"in\":\"0\"},\"2010\":{\"ti\":\"0\",\"ac\":\"0\",\"in\":\"0\"}},\"actividades\":{\"2014\":\"Curso Evaluaci\\u00f3n de plagas en el cultivo de citricos dirigido a pobladores de Huaral .- Visita de extensi\\u00f3n educativa y orientaci\\u00f3n del estudiante a Colegios de Huaral .- Capacitaciones a la poblaci\\u00f3n en convenio con la Municipalidad de Chancay. Participaci\\u00f3n en eventos de \\u00edndole civico militar. Participaci\\u00f3n en la Feria Regional INTI 2014. Participaci\\u00f3n  II Concurso Regional de Buenas Pr\\u00e1cticas en Educaci\\u00f3n T\\u00e9cnica. Participaci\\u00f3n  II Concurso Nacional de Buenas Pr\\u00e1cticas en Educaci\\u00f3n T\\u00e9cnica.\",\"2013\":\"Capacitaciones a personal de la Minera Colquisiri.- Curso Evaluaci\\u00f3n de plagas en el cultivo de citricos dirigido a pobladores de Huaral .- Visita de extensi\\u00f3n educativa y orientaci\\u00f3n del estudiante a Colegios de Huaral .-  Participaci\\u00f3n en eventos de \\u00edndole civico militar. Participaci\\u00f3n en la Feria Regional INTI 2013. Participaci\\u00f3n  II Concurso Regional de Buenas Pr\\u00e1cticas en Educaci\\u00f3n T\\u00e9cnica\",\"2012\":\"Capacitaciones a personal de la Minera Colquisiri.- Curso Evaluaci\\u00f3n de plagas en el cultivo de citricos dirigido a pobladores de Huaral .- Visita de extensi\\u00f3n educativa y orientaci\\u00f3n del estudiante a Colegios de Huaral .-  Participaci\\u00f3n en eventos de \\u00edndole civico militar. Participaci\\u00f3n en la Feria Regional INTI 2013. Participaci\\u00f3n  II Concurso Regional de Buenas Pr\\u00e1cticas en Educaci\\u00f3n T\\u00e9cnica\",\"2011\":\"Participaci\\u00f3n en la Feria Regional INTI 2011. Visita de extensi\\u00f3n educativa y orientaci\\u00f3n del estudiante a Colegios de Huaral.  Curso Evaluaci\\u00f3n de plagas y fauna ben\\u00e9fica dirigido a pobladores de Huaral. Participaci\\u00f3n en eventos de \\u00edndole civico militar. Diversos eventos de capacitaci\\u00f3n\",\"2010\":\"Participaci\\u00f3n en la Feria Regional. Visita de extensi\\u00f3n educativa y orientaci\\u00f3n del estudiante a Colegios de Huaral. Curso Evaluaci\\u00f3n de plagas y fauna ben\\u00e9fica dirigido a pobladores de Huaral.  Participaci\\u00f3n en eventos de \\u00edndole civico militar.  Diversos eventos de capacitaci\\u00f3n\"},\"servicios\":{\"2014\":\"Servicio de t\\u00f3pico, Servicio de consejer\\u00eda. Servicio m\\u00e9dico, psicol\\u00f3gico, nutrici\\u00f3n, planificaci\\u00f3n familiar entre otros en coordinaci\\u00f3n con el Hospital de Huaral. Bolsa de empleo\",\"2013\":\"Servicio de T\\u00f3pico. Servicio de Consejer\\u00eda. Bolsa de empleo\",\"2012\":\"Servicio de t\\u00f3pico\",\"2011\":\"Servicio de t\\u00f3pico\",\"2010\":\"0\"},\"vinculos\":[{\"ic\":\"GRANJA AZUL M&M\",\"dv\":\"CONVENIO MARCO DE APOYO\"},{\"ic\":\"KENMA S.A.C\",\"dv\":\"CONVENIO MARCO DE APOYO\"},{\"ic\":\"COMERCIAL AGRICOLA PROGRESO S.A.C.\",\"dv\":\"CONVENIO MARCO DE APOYO\"},{\"ic\":\"VETERINARIA \",\"dv\":\"CONVENIO MARCO DE APOYO\"},{\"ic\":\"VIVERO FRUTICOLA FORTU\",\"dv\":\"CONVENIO MARCO DE APOYO\"},{\"ic\":\"VETERINARIA \",\"dv\":\"CONVENIO MARCO DE APOYO\"},{\"ic\":\"SENASA\",\"dv\":\"CONVENIO MARCO DE APOYO\"},{\"ic\":\"VETERINARIA PUKARA S.A.C.\",\"dv\":\"CONVENIO MARCO DE APOYO\"},{\"ic\":\"COUNTRY HOME S.A.\",\"dv\":\"CONVENIO MARCO DE APOYO\"}],\"origen_fondos\":{\"pao\":{\"2014n\":\"245463\",\"2014p\":\"74.13\",\"2013n\":\"245463\",\"2013p\":\"3.13\"},\"rdr\":{\"2014n\":\"85679\",\"2014p\":\"25.87\",\"2013n\":\"85679\",\"2013p\":\"1.09\"},\"itd\":{\"2014n\":\"0\",\"2014p\":\"0.00\",\"2013n\":\"0\",\"2013p\":\"0.00\"},\"otr\":{\"2014n\":\"0\",\"2014p\":\"0.00\",\"2013n\":\"7501563\",\"2013p\":\"95.77\"},\"tot\":{\"2014n\":\"331142\",\"2014p\":\"100.00\",\"2013n\":\"7832705\",\"2013p\":\"100.00\"}},\"destino_fondos\":{\"s1\":{\"2014n\":\"245463\",\"2014p\":\"74.13\",\"2013n\":\"245463\",\"2013p\":\"74.13\"},\"s2\":{\"2014n\":\"56340\",\"2014p\":\"17.01\",\"2013n\":\"56340\",\"2013p\":\"17.01\"},\"bc\":{\"2014n\":\"0\",\"2014p\":\"0.00\",\"2013n\":\"0\",\"2013p\":\"0.00\"},\"ob\":{\"2014n\":\"0\",\"2014p\":\"0.00\",\"2013n\":\"0\",\"2013p\":\"0.00\"},\"ou\":{\"2014n\":\"29339\",\"2014p\":\"8.86\",\"2013n\":\"29339\",\"2013p\":\"8.86\"},\"tt\":{\"2014n\":\"331142\",\"2014p\":\"100.00\",\"2013n\":\"331142\",\"2013p\":\"100.00\"}}}]}],\"grados_dedicacion\":{\"pt\":{\"ex\":\"0\",\"tc\":\"0\",\"tp\":\"2\",\"tt\":\"2\"},\"pe\":{\"ex\":\"0\",\"tc\":\"0\",\"tp\":\"0\",\"tt\":\"0\"},\"bc\":{\"ex\":\"0\",\"tc\":\"0\",\"tp\":\"1\",\"tt\":\"1\"},\"lt\":{\"ex\":\"0\",\"tc\":\"13\",\"tp\":\"1\",\"tt\":\"14\"},\"mm\":{\"ex\":\"0\",\"tc\":\"0\",\"tp\":\"0\",\"tt\":\"0\"},\"dr\":{\"ex\":\"0\",\"tc\":\"1\",\"tp\":\"0\",\"tt\":\"1\"},\"tt\":{\"ex\":\"0\",\"tc\":\"14\",\"tp\":\"4\",\"tt\":\"18\"}},\"grados_condicion\":{\"pt\":{\"no\":\"0\",\"co\":\"2\",\"tt\":\"2\"},\"pe\":{\"no\":\"0\",\"co\":\"0\",\"tt\":\"0\"},\"bc\":{\"no\":\"0\",\"co\":\"1\",\"tt\":\"1\"},\"lt\":{\"no\":\"4\",\"co\":\"10\",\"tt\":\"14\"},\"mm\":{\"no\":\"0\",\"co\":\"0\",\"tt\":\"0\"},\"dr\":{\"no\":\"1\",\"co\":\"0\",\"tt\":\"1\"},\"tt\":{\"no\":\"5\",\"co\":\"13\",\"tt\":\"18\"}},\"p_admision\":[{\"nombre\":\"Sede principal: Producci\\u00f3n Agropecuaria\",\"x2014\":\"88\",\"x2013\":\"95\",\"x2012\":\"104\",\"x2011\":\"106\",\"x2010\":\"90\"}],\"m_semestre\":[{\"nombre\":\"Sede principal: Producci\\u00f3n Agropecuaria\",\"x2014\":\"342\",\"x2013\":\"328\",\"x2012\":\"365\",\"x2011\":\"358\",\"x2010\":\"381\"}],\"egresados\":[{\"nombre\":\"Sede principal: Producci\\u00f3n Agropecuaria\",\"x2014\":\"52\",\"x2013\":\"39\",\"x2012\":\"45\",\"x2011\":\"50\",\"x2010\":\"59\"}],\"titulados\":[{\"nombre\":\"Sede principal: Producci\\u00f3n Agropecuaria\",\"x2014\":\"14\",\"x2013\":\"77\",\"x2012\":\"27\",\"x2011\":\"49\",\"x2010\":\"51\"}],\"carrera_area\":\"AGROPECUARIA\",\"datos\":{\"inst\":{\"nombre\":\"VIGO QUI\\u00d1ONES ALFONSO\",\"cargo\":\"DIRECTOR GENERAL\",\"direccion\":\"Calle 8 de Diciembre Mz 30 Lt 17 - Complejo Educativo Huando - Huaral\",\"fijo\":\"2464060\",\"celular\":\"956961323\",\"email\":\"direccion@isthuando.edu.pe\",\"emailalt\":\"alfvigo@gmail.com\",\"date\":\"2015-06-26\",\"date_local\":\"26 de Junio del 2015\"},\"carr\":{\"nombre\":\"VIGO QUI\\u00d1ONES ALFONSO\",\"cargo\":\"DIRECTOR GENERAL\",\"direccion\":\"Calle 8 de Diciembre Mz 30 Lt 17 - Complejo Educativo Huando - Huaral\",\"fijo\":\"2464060\",\"celular\":\"0\",\"email\":\"direccion@isthuando.edu.pe\",\"emailalt\":\"alfvigo@gmail.com\",\"date\":\"2015-06-26\",\"date_local\":\"26 de Junio del 2015\"}}}','uploads/614/75-EI-20150626150853.pdf',NULL,20,75,14),(122,NULL,'uploads/614/77-DIB-122-20150626151133.pdf',NULL,20,77,20),(123,NULL,'uploads/614/77-DIB-123-20150626151321.pdf',NULL,20,77,21),(124,NULL,'uploads/614/77-DIB-124-20150626151614.pdf',NULL,20,77,22),(125,NULL,'uploads/614/77-DIB-125-20150626151445.pdf',NULL,20,77,23),(126,NULL,NULL,NULL,10,77,24),(127,NULL,NULL,NULL,10,78,25),(128,NULL,NULL,NULL,10,78,26),(129,NULL,NULL,NULL,10,76,15),(130,'{\"tifi_id\":\"1\",\"comite\":[{\"pers_nombres\":\"Percy\",\"pers_apellidos\":\"Apaza\",\"pers_cargo\":\"Director General\",\"pers_correo\":\"percyapazamontes@hotmail.com\",\"pers_telefono\":\"951478090\"},{\"pers_nombres\":\"Clemencia\",\"pers_apellidos\":\"Vargas\",\"pers_cargo\":\"Jefe de Unidad Acad\\u00e9mica\",\"pers_correo\":\"vvarquis@hotmail.com\",\"pers_telefono\":\"951736794\"},{\"pers_nombres\":\"Yolanda\",\"pers_apellidos\":\"Flores\",\"pers_cargo\":\"Jefe Unidad Administrativa\",\"pers_correo\":\"yolitayoyo58@hotmail.com\",\"pers_telefono\":\"951989818\"},{\"pers_nombres\":\"Francisco\",\"pers_apellidos\":\"Pauro\",\"pers_cargo\":\"Jefe \\u00c1rea Primaria\",\"pers_correo\":\"frapauro27@hotmail.com\",\"pers_telefono\":\"951838848\"},{\"pers_nombres\":\"Balvino\",\"pers_apellidos\":\"Arias\",\"pers_cargo\":\"Jefe \\u00c1rea Secundaria\",\"pers_correo\":\"balvinoarias@hotmail.com\",\"pers_telefono\":\"951927372\"},{\"pers_nombres\":\"Elizabeth\",\"pers_apellidos\":\"Zea\",\"pers_cargo\":\"Jefe \\u00c1rea Inicial\",\"pers_correo\":\"eliza2608@hotmail.com\",\"pers_telefono\":\"951533848\"},{\"pers_nombres\":\"Marco\",\"pers_apellidos\":\"Espinoza\",\"pers_cargo\":\"Secretar\\u00eda Acad\\u00e9mica\",\"pers_correo\":\"belisario1015@hotmail.com\",\"pers_telefono\":\"95199668\"},{\"pers_nombres\":\"Macias\",\"pers_apellidos\":\"Vargas\",\"pers_cargo\":\"Jefe de Formaci\\u00f3n en Servicio\",\"pers_correo\":\"platonvm@hotmail.com\",\"pers_telefono\":\"951436827\"},{\"pers_nombres\":\"Mauro \",\"pers_apellidos\":\"Ayamamani\",\"pers_cargo\":\"Representante Docentes\",\"pers_correo\":\"musuqyachay@hotmail.com\",\"pers_telefono\":\"996999183\"},{\"pers_nombres\":\"Jos\\u00e9\",\"pers_apellidos\":\"Calisaya\",\"pers_cargo\":\"Representante Docente\",\"pers_correo\":\"jocahuic@hotmail.com\",\"pers_telefono\":\"950016166\"},{\"pers_nombres\":\"Saul\",\"pers_apellidos\":\"Rossel\",\"pers_cargo\":\"Representante Administrativos\",\"pers_correo\":\"horsera@hotmail.com\",\"pers_telefono\":\"951935643\"},{\"pers_nombres\":\"Ricardo \",\"pers_apellidos\":\"Mamani\",\"pers_cargo\":\"Representante Egresados\",\"pers_correo\":\"maceri20@hotmail.com\",\"pers_telefono\":\"990084422\"},{\"pers_nombres\":\"Rub\\u00e9n\",\"pers_apellidos\":\"Condori\",\"pers_cargo\":\"Representante Estudiantes\",\"pers_correo\":\"ruben@hotmail.com\",\"pers_telefono\":\"974294260\"}],\"ruc\":\"\",\"cod_mod\":\"\",\"sedes\":[{\"nombre_sede\":\"Sede principal\",\"direc\":\"\",\"dist\":\"\",\"prov\":\"\",\"region\":\"\",\"carreras\":[{\"nombre\":\"\",\"area\":\"\",\"comite\":[{\"pers_nombres\":\"\",\"pers_apellidos\":\"\",\"pers_cargo\":\"\",\"pers_correo\":\"\",\"pers_telefono\":\"\"}],\"estudiantes\":{\"2014\":{\"pa\":{\"M\":\"\",\"F\":\"\"},\"ms\":{\"M\":\"\",\"F\":\"\"},\"eg\":{\"M\":\"\",\"F\":\"\"},\"ti\":{\"M\":\"\",\"F\":\"\"}},\"2013\":{\"pa\":{\"M\":\"\",\"F\":\"\"},\"ms\":{\"M\":\"\",\"F\":\"\"},\"eg\":{\"M\":\"\",\"F\":\"\"},\"ti\":{\"M\":\"\",\"F\":\"\"}},\"2012\":{\"pa\":{\"M\":\"\",\"F\":\"\"},\"ms\":{\"M\":\"\",\"F\":\"\"},\"eg\":{\"M\":\"\",\"F\":\"\"},\"ti\":{\"M\":\"\",\"F\":\"\"}},\"2011\":{\"pa\":{\"M\":\"\",\"F\":\"\"},\"ms\":{\"M\":\"\",\"F\":\"\"},\"eg\":{\"M\":\"\",\"F\":\"\"},\"ti\":{\"M\":\"\",\"F\":\"\"}},\"2010\":{\"pa\":{\"M\":\"\",\"F\":\"\"},\"ms\":{\"M\":\"\",\"F\":\"\"},\"eg\":{\"M\":\"\",\"F\":\"\"},\"ti\":{\"M\":\"\",\"F\":\"\"}}},\"grados_dedicacion\":{\"pt\":{\"ex\":\"\",\"tc\":\"\",\"tp\":\"\",\"tt\":\"\"},\"pe\":{\"ex\":\"\",\"tc\":\"\",\"tp\":\"\",\"tt\":\"\"},\"bc\":{\"ex\":\"\",\"tc\":\"\",\"tp\":\"\",\"tt\":\"\"},\"lt\":{\"ex\":\"\",\"tc\":\"\",\"tp\":\"\",\"tt\":\"\"},\"mm\":{\"ex\":\"\",\"tc\":\"\",\"tp\":\"\",\"tt\":\"\"},\"dr\":{\"ex\":\"\",\"tc\":\"\",\"tp\":\"\",\"tt\":\"\"},\"tt\":{\"ex\":\"\",\"tc\":\"\",\"tp\":\"\",\"tt\":\"\"}},\"grados_condicion\":{\"pt\":{\"no\":\"\",\"co\":\"\",\"tt\":\"\"},\"pe\":{\"no\":\"\",\"co\":\"\",\"tt\":\"\"},\"bc\":{\"no\":\"\",\"co\":\"\",\"tt\":\"\"},\"lt\":{\"no\":\"\",\"co\":\"\",\"tt\":\"\"},\"mm\":{\"no\":\"\",\"co\":\"\",\"tt\":\"\"},\"dr\":{\"no\":\"\",\"co\":\"\",\"tt\":\"\"},\"tt\":{\"no\":\"\",\"co\":\"\",\"tt\":\"\"}},\"inves\":{\"2014\":{\"ti\":\"\",\"ac\":\"\",\"in\":\"\"},\"2013\":{\"ti\":\"\",\"ac\":\"\",\"in\":\"\"},\"2012\":{\"ti\":\"\",\"ac\":\"\",\"in\":\"\"},\"2011\":{\"ti\":\"\",\"ac\":\"\",\"in\":\"\"},\"2010\":{\"ti\":\"\",\"ac\":\"\",\"in\":\"\"}},\"publi\":{\"2014\":{\"ti\":\"\",\"ac\":\"\",\"in\":\"\"},\"2013\":{\"ti\":\"\",\"ac\":\"\",\"in\":\"\"},\"2012\":{\"ti\":\"\",\"ac\":\"\",\"in\":\"\"},\"2011\":{\"ti\":\"\",\"ac\":\"\",\"in\":\"\"},\"2010\":{\"ti\":\"\",\"ac\":\"\",\"in\":\"\"}},\"paten\":{\"2014\":{\"ti\":\"\",\"ac\":\"\",\"in\":\"\"},\"2013\":{\"ti\":\"\",\"ac\":\"\",\"in\":\"\"},\"2012\":{\"ti\":\"\",\"ac\":\"\",\"in\":\"\"},\"2011\":{\"ti\":\"\",\"ac\":\"\",\"in\":\"\"},\"2010\":{\"ti\":\"\",\"ac\":\"\",\"in\":\"\"}},\"actividades\":{\"2014\":\"\",\"2013\":\"\",\"2012\":\"\",\"2011\":\"\",\"2010\":\"\"},\"servicios\":{\"2014\":\"\",\"2013\":\"\",\"2012\":\"\",\"2011\":\"\",\"2010\":\"\"},\"vinculos\":[{\"ic\":\"\",\"dv\":\"\"}],\"origen_fondos\":{\"pao\":{\"2014n\":\"\",\"2014p\":\"\",\"2013n\":\"\",\"2013p\":\"\"},\"rdr\":{\"2014n\":\"\",\"2014p\":\"\",\"2013n\":\"\",\"2013p\":\"\"},\"itd\":{\"2014n\":\"\",\"2014p\":\"\",\"2013n\":\"\",\"2013p\":\"\"},\"otr\":{\"2014n\":\"\",\"2014p\":\"\",\"2013n\":\"\",\"2013p\":\"\"},\"tot\":{\"2014n\":\"\",\"2014p\":\"\",\"2013n\":\"\",\"2013p\":\"\"}},\"destino_fondos\":{\"s1\":{\"2014n\":\"\",\"2014p\":\"\",\"2013n\":\"\",\"2013p\":\"\"},\"s2\":{\"2014n\":\"\",\"2014p\":\"\",\"2013n\":\"\",\"2013p\":\"\"},\"bc\":{\"2014n\":\"\",\"2014p\":\"\",\"2013n\":\"\",\"2013p\":\"\"},\"ob\":{\"2014n\":\"\",\"2014p\":\"\",\"2013n\":\"\",\"2013p\":\"\"},\"ou\":{\"2014n\":\"\",\"2014p\":\"\",\"2013n\":\"\",\"2013p\":\"\"},\"tt\":{\"2014n\":\"\",\"2014p\":\"\",\"2013n\":\"\",\"2013p\":\"\"}}}]}],\"grados_dedicacion\":{\"pt\":{\"ex\":\"\",\"tc\":\"\",\"tp\":\"\",\"tt\":\"\"},\"pe\":{\"ex\":\"\",\"tc\":\"\",\"tp\":\"\",\"tt\":\"\"},\"bc\":{\"ex\":\"\",\"tc\":\"\",\"tp\":\"\",\"tt\":\"\"},\"lt\":{\"ex\":\"\",\"tc\":\"\",\"tp\":\"\",\"tt\":\"\"},\"mm\":{\"ex\":\"\",\"tc\":\"\",\"tp\":\"\",\"tt\":\"\"},\"dr\":{\"ex\":\"\",\"tc\":\"\",\"tp\":\"\",\"tt\":\"\"},\"tt\":{\"ex\":\"\",\"tc\":\"\",\"tp\":\"\",\"tt\":\"\"}},\"grados_condicion\":{\"pt\":{\"no\":\"\",\"co\":\"\",\"tt\":\"\"},\"pe\":{\"no\":\"\",\"co\":\"\",\"tt\":\"\"},\"bc\":{\"no\":\"\",\"co\":\"\",\"tt\":\"\"},\"lt\":{\"no\":\"\",\"co\":\"\",\"tt\":\"\"},\"mm\":{\"no\":\"\",\"co\":\"\",\"tt\":\"\"},\"dr\":{\"no\":\"\",\"co\":\"\",\"tt\":\"\"},\"tt\":{\"no\":\"\",\"co\":\"\",\"tt\":\"\"}},\"p_admision\":[{\"nombre\":\"\",\"x2014\":\"\",\"x2013\":\"\",\"x2012\":\"\",\"x2011\":\"\",\"x2010\":\"\"}],\"m_semestre\":[{\"nombre\":\"\",\"x2014\":\"\",\"x2013\":\"\",\"x2012\":\"\",\"x2011\":\"\",\"x2010\":\"\"}],\"egresados\":[{\"nombre\":\"\",\"x2014\":\"\",\"x2013\":\"\",\"x2012\":\"\",\"x2011\":\"\",\"x2010\":\"\"}],\"titulados\":[{\"nombre\":\"\",\"x2014\":\"\",\"x2013\":\"\",\"x2012\":\"\",\"x2011\":\"\",\"x2010\":\"\"}],\"datos\":{\"inst\":{\"nombre\":\"\",\"cargo\":\"\",\"direccion\":\"\",\"fijo\":\"\",\"celular\":\"\",\"email\":\"\",\"emailalt\":\"\",\"date\":\"2015-06-29\",\"date_local\":\"29 de Junio del 2015\"}}}',NULL,NULL,10,80,14),(131,NULL,NULL,NULL,10,73,25),(132,NULL,NULL,NULL,10,73,26),(133,NULL,NULL,NULL,10,42,20),(134,NULL,NULL,NULL,10,42,21),(135,NULL,NULL,NULL,10,42,22),(136,NULL,NULL,NULL,10,42,23),(137,NULL,NULL,NULL,10,42,24),(138,NULL,NULL,NULL,10,41,15),(139,NULL,NULL,NULL,10,41,16),(140,NULL,NULL,NULL,10,41,18),(141,NULL,NULL,NULL,10,41,19),(142,NULL,NULL,NULL,10,43,25),(143,NULL,NULL,NULL,10,43,26),(144,NULL,NULL,NULL,10,85,14),(145,NULL,NULL,NULL,10,90,27),(146,NULL,NULL,NULL,10,92,33),(147,NULL,NULL,NULL,10,92,34),(148,NULL,NULL,NULL,10,92,35),(149,NULL,NULL,NULL,10,92,36),(150,NULL,NULL,NULL,10,92,37),(151,NULL,NULL,NULL,10,91,28);
/*!40000 ALTER TABLE `acreditado_etapa_ficha` ENABLE KEYS */;
UNLOCK TABLES;

--
-- Table structure for table `acreditado_evento`
--

DROP TABLE IF EXISTS `acreditado_evento`;
/*!40101 SET @saved_cs_client     = @@character_set_client */;
/*!40101 SET character_set_client = utf8 */;
CREATE TABLE `acreditado_evento` (
  `acev_id` int(11) NOT NULL AUTO_INCREMENT,
  `acre_id` int(11) NOT NULL,
  `even_id` int(11) NOT NULL,
  PRIMARY KEY (`acev_id`),
  KEY `fk_acreditado_evento_acreditado1_idx` (`acre_id`),
  KEY `fk_acreditado_evento_evento1_idx` (`even_id`),
  CONSTRAINT `fk_acreditado_evento_acreditado1` FOREIGN KEY (`acre_id`) REFERENCES `acreditado` (`acre_id`) ON DELETE CASCADE ON UPDATE NO ACTION,
  CONSTRAINT `fk_acreditado_evento_evento1` FOREIGN KEY (`even_id`) REFERENCES `evento` (`even_id`) ON DELETE NO ACTION ON UPDATE NO ACTION
) ENGINE=InnoDB AUTO_INCREMENT=618 DEFAULT CHARSET=utf8;
/*!40101 SET character_set_client = @saved_cs_client */;

--
-- Dumping data for table `acreditado_evento`
--

LOCK TABLES `acreditado_evento` WRITE;
/*!40000 ALTER TABLE `acreditado_evento` DISABLE KEYS */;
INSERT INTO `acreditado_evento` VALUES (572,18651,11),(576,269,11),(580,19231,11),(582,163,11),(583,119,11),(586,18751,11),(587,52,11),(589,18754,11),(591,18895,11),(594,71,11),(614,18659,11),(616,18974,10),(617,186,11);
/*!40000 ALTER TABLE `acreditado_evento` ENABLE KEYS */;
UNLOCK TABLES;

--
-- Table structure for table `acreditado_nivel_etapa`
--

DROP TABLE IF EXISTS `acreditado_nivel_etapa`;
/*!40101 SET @saved_cs_client     = @@character_set_client */;
/*!40101 SET character_set_client = utf8 */;
CREATE TABLE `acreditado_nivel_etapa` (
  `acne_id` int(11) NOT NULL AUTO_INCREMENT,
  `acne_estado` varchar(3) DEFAULT NULL,
  `acne_comentario` varchar(500) DEFAULT NULL,
  `acet_id` int(11) NOT NULL,
  `evni_id` int(11) NOT NULL,
  PRIMARY KEY (`acne_id`),
  KEY `fk_acreditado_nivel_etapa_acreditado_etapa1_idx` (`acet_id`),
  KEY `fk_acreditado_nivel_etapa_evento_nivel1_idx` (`evni_id`),
  CONSTRAINT `fk_acreditado_nivel_etapa_acreditado_etapa1` FOREIGN KEY (`acet_id`) REFERENCES `acreditado_etapa` (`acet_id`) ON DELETE CASCADE ON UPDATE NO ACTION,
  CONSTRAINT `fk_acreditado_nivel_etapa_evento_nivel1` FOREIGN KEY (`evni_id`) REFERENCES `evento_nivel` (`evni_id`) ON DELETE NO ACTION ON UPDATE NO ACTION
) ENGINE=InnoDB AUTO_INCREMENT=241 DEFAULT CHARSET=utf8;
/*!40101 SET character_set_client = @saved_cs_client */;

--
-- Dumping data for table `acreditado_nivel_etapa`
--

LOCK TABLES `acreditado_nivel_etapa` WRITE;
/*!40000 ALTER TABLE `acreditado_nivel_etapa` DISABLE KEYS */;
INSERT INTO `acreditado_nivel_etapa` VALUES (41,'20',NULL,30,6),(42,'30',NULL,30,7),(43,'30',NULL,30,8),(44,'30',NULL,30,9),(45,'30',NULL,30,10),(46,'10',NULL,32,6),(47,'10',NULL,32,7),(48,'10',NULL,32,8),(49,'10',NULL,32,9),(50,'10',NULL,32,10),(51,'10',NULL,31,6),(52,'10',NULL,31,7),(53,'10',NULL,31,8),(54,'10',NULL,31,9),(55,'10',NULL,31,10),(56,'10',NULL,33,6),(57,'10',NULL,33,7),(58,'10',NULL,33,8),(59,'10',NULL,33,9),(60,'10',NULL,33,10),(61,'10',NULL,35,6),(62,'10',NULL,35,7),(63,'10',NULL,35,8),(64,'10',NULL,35,9),(65,'10',NULL,35,10),(66,'10',NULL,37,6),(67,'10',NULL,37,7),(68,'10',NULL,37,8),(69,'10',NULL,37,9),(70,'10',NULL,37,10),(71,'10',NULL,36,6),(72,'10',NULL,36,7),(73,'10',NULL,36,8),(74,'10',NULL,36,9),(75,'10',NULL,36,10),(76,'10',NULL,38,6),(77,'10',NULL,38,7),(78,'10',NULL,38,8),(79,'10',NULL,38,9),(80,'10',NULL,38,10),(81,'10',NULL,40,6),(82,'10',NULL,40,7),(83,'10',NULL,40,8),(84,'10',NULL,40,9),(85,'10',NULL,40,10),(86,'10',NULL,42,6),(87,'10',NULL,42,7),(88,'10',NULL,42,8),(89,'10',NULL,42,9),(90,'10',NULL,42,10),(91,'10',NULL,41,6),(92,'10',NULL,41,7),(93,'10',NULL,41,8),(94,'10',NULL,41,9),(95,'10',NULL,41,10),(96,'10',NULL,43,6),(97,'10',NULL,43,7),(98,'10',NULL,43,8),(99,'10',NULL,43,9),(100,'10',NULL,43,10),(101,'10',NULL,45,6),(102,'10',NULL,45,7),(103,'10',NULL,45,8),(104,'10',NULL,45,9),(105,'10',NULL,45,10),(106,'10',NULL,47,6),(107,'10',NULL,47,7),(108,'10',NULL,47,8),(109,'10',NULL,47,9),(110,'10',NULL,47,10),(111,'10',NULL,46,6),(112,'10',NULL,46,7),(113,'10',NULL,46,8),(114,'10',NULL,46,9),(115,'10',NULL,46,10),(116,'10',NULL,48,6),(117,'10',NULL,48,7),(118,'10',NULL,48,8),(119,'10',NULL,48,9),(120,'10',NULL,48,10),(121,'10',NULL,50,6),(122,'10',NULL,50,7),(123,'10',NULL,50,8),(124,'10',NULL,50,9),(125,'10',NULL,50,10),(126,'10',NULL,52,6),(127,'10',NULL,52,7),(128,'10',NULL,52,8),(129,'10',NULL,52,9),(130,'10',NULL,52,10),(131,'10',NULL,51,6),(132,'10',NULL,51,7),(133,'10',NULL,51,8),(134,'10',NULL,51,9),(135,'10',NULL,51,10),(136,'10',NULL,53,6),(137,'10',NULL,53,7),(138,'10',NULL,53,8),(139,'10',NULL,53,9),(140,'10',NULL,53,10),(141,'10',NULL,55,6),(142,'10',NULL,55,7),(143,'10',NULL,55,8),(144,'10',NULL,55,9),(145,'10',NULL,55,10),(146,'10',NULL,57,6),(147,'10',NULL,57,7),(148,'10',NULL,57,8),(149,'10',NULL,57,9),(150,'10',NULL,57,10),(151,'10',NULL,56,6),(152,'10',NULL,56,7),(153,'10',NULL,56,8),(154,'10',NULL,56,9),(155,'10',NULL,56,10),(156,'10',NULL,58,6),(157,'10',NULL,58,7),(158,'10',NULL,58,8),(159,'10',NULL,58,9),(160,'10',NULL,58,10),(161,'10',NULL,60,6),(162,'10',NULL,60,7),(163,'10',NULL,60,8),(164,'10',NULL,60,9),(165,'10',NULL,60,10),(166,'10',NULL,62,6),(167,'10',NULL,62,7),(168,'10',NULL,62,8),(169,'10',NULL,62,9),(170,'10',NULL,62,10),(171,'10',NULL,61,6),(172,'10',NULL,61,7),(173,'10',NULL,61,8),(174,'10',NULL,61,9),(175,'10',NULL,61,10),(176,'10',NULL,63,6),(177,'10',NULL,63,7),(178,'10',NULL,63,8),(179,'10',NULL,63,9),(180,'10',NULL,63,10),(181,'10',NULL,65,6),(182,'10',NULL,65,7),(183,'10',NULL,65,8),(184,'10',NULL,65,9),(185,'10',NULL,65,10),(186,'10',NULL,67,6),(187,'10',NULL,67,7),(188,'10',NULL,67,8),(189,'10',NULL,67,9),(190,'10',NULL,67,10),(191,'10',NULL,66,6),(192,'10',NULL,66,7),(193,'10',NULL,66,8),(194,'10',NULL,66,9),(195,'10',NULL,66,10),(196,'10',NULL,68,6),(197,'10',NULL,68,7),(198,'10',NULL,68,8),(199,'10',NULL,68,9),(200,'10',NULL,68,10),(201,'10',NULL,70,6),(202,'10',NULL,70,7),(203,'10',NULL,70,8),(204,'10',NULL,70,9),(205,'10',NULL,70,10),(206,'10',NULL,72,6),(207,'10',NULL,72,7),(208,'10',NULL,72,8),(209,'10',NULL,72,9),(210,'10',NULL,72,10),(211,'10',NULL,71,6),(212,'10',NULL,71,7),(213,'10',NULL,71,8),(214,'10',NULL,71,9),(215,'10',NULL,71,10),(216,'10',NULL,73,6),(217,'10',NULL,73,7),(218,'10',NULL,73,8),(219,'10',NULL,73,9),(220,'10',NULL,73,10),(221,'10',NULL,75,6),(222,'10',NULL,75,7),(223,'10',NULL,75,8),(224,'10',NULL,75,9),(225,'10',NULL,75,10),(226,'10',NULL,77,6),(227,'10',NULL,77,7),(228,'10',NULL,77,8),(229,'10',NULL,77,9),(230,'10',NULL,77,10),(231,'10',NULL,76,6),(232,'10',NULL,76,7),(233,'10',NULL,76,8),(234,'10',NULL,76,9),(235,'10',NULL,76,10),(236,'10',NULL,78,6),(237,'10',NULL,78,7),(238,'10',NULL,78,8),(239,'10',NULL,78,9),(240,'10',NULL,78,10);
/*!40000 ALTER TABLE `acreditado_nivel_etapa` ENABLE KEYS */;
UNLOCK TABLES;

--
-- Table structure for table `acreditado_nivel_etapa_estado`
--

DROP TABLE IF EXISTS `acreditado_nivel_etapa_estado`;
/*!40101 SET @saved_cs_client     = @@character_set_client */;
/*!40101 SET character_set_client = utf8 */;
CREATE TABLE `acreditado_nivel_etapa_estado` (
  `anee_id` int(11) NOT NULL AUTO_INCREMENT,
  `anee_fecha` datetime DEFAULT NULL,
  `anee_path` varchar(150) DEFAULT NULL,
  `acne_estado` varchar(3) DEFAULT NULL,
  `acne_id` int(11) NOT NULL,
  `eval_id` int(11) DEFAULT NULL,
  PRIMARY KEY (`anee_id`),
  KEY `fk_acreditado_nivel_etapa_estado_acreditado_nivel_etapa1_idx` (`acne_id`),
  CONSTRAINT `fk_acreditado_nivel_etapa_estado_acreditado_nivel_etapa1` FOREIGN KEY (`acne_id`) REFERENCES `acreditado_nivel_etapa` (`acne_id`) ON DELETE CASCADE ON UPDATE NO ACTION
) ENGINE=InnoDB AUTO_INCREMENT=7 DEFAULT CHARSET=utf8;
/*!40101 SET character_set_client = @saved_cs_client */;

--
-- Dumping data for table `acreditado_nivel_etapa_estado`
--

LOCK TABLES `acreditado_nivel_etapa_estado` WRITE;
/*!40000 ALTER TABLE `acreditado_nivel_etapa_estado` DISABLE KEYS */;
INSERT INTO `acreditado_nivel_etapa_estado` VALUES (1,'2015-06-19 12:15:32','uploads/572/rei-edf-20150619121532.jpg','30',41,NULL),(2,'2015-06-19 12:16:47','uploads/572/rei-eff-20150619121647.jpg','30',42,NULL),(3,'2015-06-19 12:17:02','uploads/572/rei-ect-20150619121702.js','30',44,NULL),(4,'2015-06-19 12:17:10','uploads/572/rei-evp-20150619121710.js','30',43,NULL),(5,'2015-06-19 12:17:17','uploads/572/rei-edr-20150619121717.js','30',45,NULL),(6,'2015-06-19 12:28:45','uploads/572/rei-edf-20150619122845.css','20',41,NULL);
/*!40000 ALTER TABLE `acreditado_nivel_etapa_estado` ENABLE KEYS */;
UNLOCK TABLES;

--
-- Table structure for table `evaluador`
--

DROP TABLE IF EXISTS `evaluador`;
/*!40101 SET @saved_cs_client     = @@character_set_client */;
/*!40101 SET character_set_client = utf8 */;
CREATE TABLE `evaluador` (
  `eval_id` int(11) NOT NULL AUTO_INCREMENT,
  `eval_nombre` varchar(45) DEFAULT NULL,
  `eval_dni` int(11) DEFAULT NULL,
  `eval_nivel` varchar(45) DEFAULT NULL,
  `user_id` int(11) NOT NULL,
  `even_id` int(11) NOT NULL,
  PRIMARY KEY (`eval_id`),
  KEY `fk_evaluador_user1_idx` (`user_id`),
  KEY `fk_evaluador_evento1_idx` (`even_id`),
  CONSTRAINT `fk_evaluador_evento1` FOREIGN KEY (`even_id`) REFERENCES `evento` (`even_id`) ON DELETE NO ACTION ON UPDATE NO ACTION,
  CONSTRAINT `fk_evaluador_user1` FOREIGN KEY (`user_id`) REFERENCES `user` (`id`) ON DELETE NO ACTION ON UPDATE NO ACTION
) ENGINE=InnoDB AUTO_INCREMENT=2 DEFAULT CHARSET=utf8;
/*!40101 SET character_set_client = @saved_cs_client */;

--
-- Dumping data for table `evaluador`
--

LOCK TABLES `evaluador` WRITE;
/*!40000 ALTER TABLE `evaluador` DISABLE KEYS */;
INSERT INTO `evaluador` VALUES (1,'Evaluador FEC',43434343,NULL,1,11);
/*!40000 ALTER TABLE `evaluador` ENABLE KEYS */;
UNLOCK TABLES;

--
-- Table structure for table `evento`
--

DROP TABLE IF EXISTS `evento`;
/*!40101 SET @saved_cs_client     = @@character_set_client */;
/*!40101 SET character_set_client = utf8 */;
CREATE TABLE `evento` (
  `even_id` int(11) NOT NULL AUTO_INCREMENT,
  `even_url_pdf` text,
  `even_descripcion` text,
  PRIMARY KEY (`even_id`)
) ENGINE=InnoDB AUTO_INCREMENT=12 DEFAULT CHARSET=utf8;
/*!40101 SET character_set_client = @saved_cs_client */;

--
-- Dumping data for table `evento`
--

LOCK TABLES `evento` WRITE;
/*!40000 ALTER TABLE `evento` DISABLE KEYS */;
INSERT INTO `evento` VALUES (0,'#',' '),(10,'/media/files/CUARTA-CONVOCATORIA-FINANCIAMIENTO-PM_JUNIO-2015-2_v2.pdf','La mejora continua de la calidad de la educación superior es un reto que el Perú afronta para contribuir al incremento de su competitividad. En ese marco, el Proyecto “Mejoramiento de la Calidad de la Educación Superior” – PROCALIDAD propone impulsar los procesos de acreditación de las Instituciones de Educación Superior.'),(11,'/media/files/CUARTA-CONVOCATORIA-FINANCIAMIENTO-PM_JUNIO-2015-2_v2.pdf','La mejora continua de la calidad de la educación superior es un reto que el Perú afronta para contribuir al incremento de su competitividad. En ese marco, el Proyecto “Mejoramiento de la Calidad de la Educación Superior” – PROCALIDAD propone impulsar los procesos de acreditación de las Instituciones de Educación Superior.\nEl Fondo de Estímulo a la Calidad - FEC, es el medio a través del cual PROCALIDAD otorga incentivos financieros a las Instituciones Públicas de Educación Superior (Institutos y Universidades) que ofrecen carreras de formación docente, ciencias de la salud y, ciencia y tecnología (incentivo a las carreras); así como para las instituciones propiamente dichas (incentivo a la institución), que se encuentran realizando esfuerzos por lograr su acreditación o buscar su excelencia.');
/*!40000 ALTER TABLE `evento` ENABLE KEYS */;
UNLOCK TABLES;

--
-- Table structure for table `evento_etapa`
--

DROP TABLE IF EXISTS `evento_etapa`;
/*!40101 SET @saved_cs_client     = @@character_set_client */;
/*!40101 SET character_set_client = utf8 */;
CREATE TABLE `evento_etapa` (
  `evet_id` int(11) NOT NULL AUTO_INCREMENT,
  `even_id` int(11) NOT NULL,
  `evet_nombre` varchar(45) DEFAULT NULL,
  `evet_fecha_inicio` date DEFAULT NULL,
  `evet_fecha_fin` date DEFAULT NULL,
  `evet_path` varchar(45) DEFAULT NULL,
  `evet_code` varchar(3) DEFAULT NULL,
  `evet_orden` int(11) NOT NULL DEFAULT '0',
  PRIMARY KEY (`evet_id`),
  KEY `fk_evento_etapa_evento1_idx` (`even_id`),
  CONSTRAINT `fk_evento_etapa_evento1` FOREIGN KEY (`even_id`) REFERENCES `evento` (`even_id`) ON DELETE CASCADE ON UPDATE NO ACTION
) ENGINE=InnoDB AUTO_INCREMENT=16 DEFAULT CHARSET=utf8;
/*!40101 SET character_set_client = @saved_cs_client */;

--
-- Dumping data for table `evento_etapa`
--

LOCK TABLES `evento_etapa` WRITE;
/*!40000 ALTER TABLE `evento_etapa` DISABLE KEYS */;
INSERT INTO `evento_etapa` VALUES (1,0,'Desarrollo del Proceso de Autoevaluación','2015-06-15','2015-07-10',NULL,'AUT',1),(2,0,'Registro de Expresión de Interés','2015-06-15','2015-07-10','/expresionInteres','REI',2),(3,0,'Registro de Planes de Mejora','2015-07-21','2015-08-28','/planificacion','RPM',4),(4,0,'Documentación Institucional Básica','2015-06-15','2015-08-28','/documentacionBasica','DIB',3),(5,0,'Documentación Institucional Complementaria','2015-07-21','2015-08-28','/documentacionComplementaria','DIC',5),(6,11,'Desarrollo del Proceso de Autoevaluación','2015-06-15','2015-07-10',NULL,'AUT',1),(7,11,'Registro de Expresión de Interés','2015-06-15','2015-07-10','/expresionInteres','REI',2),(8,11,'Registro de Planes de Mejora','2015-07-21','2015-08-28','/planificacion','RPM',4),(9,11,'Documentación Institucional Básica','2015-06-15','2015-08-28','/documentacionBasica','DIB',3),(10,11,'Documentación Institucional Complementaria','2015-07-21','2015-08-28','/documentacionComplementaria','DIC',5),(11,10,'Desarrollo del Proceso de Autoevaluación','2015-06-15','2015-07-10',NULL,'AUT',1),(12,10,'Registro de Expresión de Interés','2015-06-15','2015-07-10','/expresionInteres','REI',2),(13,10,'Registro de Planes de Mejora','2015-07-21','2015-08-28','/planificacion','RPM',4),(14,10,'Documentación Institucional Básica','2015-06-15','2015-08-28','/documentacionBasica','DIB',3),(15,10,'Documentación Institucional Complementaria','2015-07-21','2015-08-28','/documentacionComplementaria','DIC',5);
/*!40000 ALTER TABLE `evento_etapa` ENABLE KEYS */;
UNLOCK TABLES;

--
-- Table structure for table `evento_etapa_ficha`
--

DROP TABLE IF EXISTS `evento_etapa_ficha`;
/*!40101 SET @saved_cs_client     = @@character_set_client */;
/*!40101 SET character_set_client = utf8 */;
CREATE TABLE `evento_etapa_ficha` (
  `evef_id` int(11) NOT NULL AUTO_INCREMENT,
  `evef_code` varchar(3) DEFAULT NULL,
  `evef_nombre` varchar(500) DEFAULT NULL,
  `evef_path` varchar(45) DEFAULT NULL,
  `evet_id` int(11) NOT NULL,
  PRIMARY KEY (`evef_id`),
  KEY `fk_evento_etapa_ficha_evento_etapa1_idx` (`evet_id`),
  CONSTRAINT `fk_evento_etapa_ficha_evento_etapa1` FOREIGN KEY (`evet_id`) REFERENCES `evento_etapa` (`evet_id`) ON DELETE CASCADE ON UPDATE NO ACTION
) ENGINE=InnoDB AUTO_INCREMENT=40 DEFAULT CHARSET=utf8;
/*!40101 SET character_set_client = @saved_cs_client */;

--
-- Dumping data for table `evento_etapa_ficha`
--

LOCK TABLES `evento_etapa_ficha` WRITE;
/*!40000 ALTER TABLE `evento_etapa_ficha` DISABLE KEYS */;
INSERT INTO `evento_etapa_ficha` VALUES (1,'FEI','Ficha de Expresión de Interés',NULL,2),(2,'MPL','Matriz de Planificación','/planificacion',3),(3,'MPR','Matriz de Presupuesto Detallado','/presupuesto',3),(4,'MCR','Matriz de Cronograma','/cronograma',3),(5,'MME','Matriz de Monitoreo y Evaluación','/monitoreo',3),(6,'MEE','Matriz de Efectos Esperados','/efectos',3),(7,NULL,'Contar con la autorización definitiva de funcionamiento institucional otorgada por la autoridad competente, con al menos 05 años de vigencia',NULL,4),(8,NULL,'Contar con autorización de funcionamiento de carrera, otorgada por la autoridad competente, con al menos 05 años de vigencia',NULL,4),(9,NULL,'La carrera debe pertenecer a una de las áreas de conocimiento priorizadas en la presente convocatoria',NULL,4),(10,NULL,'Contar con el informe de autoevaluación elaborado por le Comité de Calidad, Comité Interno o su equivalente o del informe de evaluación externa',NULL,4),(11,NULL,'Que al menos un integrante del Comité de Calidad, Comité Interno o su equivalente, haya concluido el Curso Virtual para la Formulación de Planes de Mejora',NULL,4),(12,NULL,'Contar con el Perfil del Plan de Mejora aprobado, de acuerdo al cronograma de actividades de la presente Convocatoria',NULL,5),(13,NULL,'Contar con un plan de mejora formulado en base a los estándares de calidad no cumplidos y de acuerdo a la estructura propuesta por PROCALIDAD y aprobado por la(s) autoridad(es) institucional(es) correspondiente(s)',NULL,5),(14,'FEI','Ficha de Expresión de Interés',NULL,7),(15,'MPL','Matriz de Planificación','/planificacion',8),(16,'MPR','Matriz de Presupuesto Detallado','/presupuesto',8),(17,'MCR','Matriz de Cronograma','/cronograma',8),(18,'MME','Matriz de Monitoreo y Evaluación','/monitoreo',8),(19,'MEE','Matriz de Efectos Esperados','/efectos',8),(20,NULL,'Contar con la autorización definitiva de funcionamiento institucional otorgada por la autoridad competente, con al menos 05 años de vigencia',NULL,9),(21,NULL,'Contar con autorización de funcionamiento de carrera, otorgada por la autoridad competente, con al menos 05 años de vigencia',NULL,9),(22,NULL,'La carrera debe pertenecer a una de las áreas de conocimiento priorizadas en la presente convocatoria',NULL,9),(23,NULL,'Contar con el informe de autoevaluación elaborado por le Comité de Calidad, Comité Interno o su equivalente o del informe de evaluación externa',NULL,9),(24,NULL,'Que al menos un integrante del Comité de Calidad, Comité Interno o su equivalente, haya concluido el Curso Virtual para la Formulación de Planes de Mejora',NULL,9),(25,NULL,'Plan de Mejora de acuerdo a la estructura propuesta por PROCALIDAD',NULL,10),(26,NULL,'Contar con un plan de mejora formulado en base a los estándares de calidad no cumplidos y de acuerdo a la estructura propuesta por PROCALIDAD y aprobado por la(s) autoridad(es) institucional(es) correspondiente(s)',NULL,10),(27,'FEI','Ficha de Expresión de Interés',NULL,12),(28,'MPL','Matriz de Planificación','/planificacion',13),(29,'MPR','Matriz de Presupuesto Detallado','/presupuesto',13),(30,'MCR','Matriz de Cronograma','/cronograma',13),(31,'MME','Matriz de Monitoreo y Evaluación','/monitoreo',13),(32,'MEE','Matriz de Efectos Esperados','/efectos',13),(33,NULL,'Contar con la autorización definitiva de funcionamiento institucional otorgada por la autoridad competente, con al menos 05 años de vigencia',NULL,14),(34,NULL,'Contar con autorización de funcionamiento de carrera, otorgada por la autoridad competente, con al menos 05 años de vigencia',NULL,14),(35,NULL,'La carrera debe pertenecer a una de las áreas de conocimiento priorizadas en la presente convocatoria',NULL,14),(36,NULL,'Contar con el informe de autoevaluación elaborado por le Comité de Calidad, Comité Interno o su equivalente o del informe de evaluación externa',NULL,14),(37,NULL,'Que al menos un integrante del Comité de Calidad, Comité Interno o su equivalente, haya concluido el Curso Virtual para la Formulación de Planes de Mejora',NULL,14),(38,NULL,'Plan de Mejora de acuerdo a la estructura propuesta por PROCALIDAD',NULL,15),(39,NULL,'Contar con un plan de mejora formulado en base a los estándares de calidad no cumplidos y de acuerdo a la estructura propuesta por PROCALIDAD y aprobado por la(s) autoridad(es) institucional(es) correspondiente(s)',NULL,15);
/*!40000 ALTER TABLE `evento_etapa_ficha` ENABLE KEYS */;
UNLOCK TABLES;

--
-- Table structure for table `evento_nivel`
--

DROP TABLE IF EXISTS `evento_nivel`;
/*!40101 SET @saved_cs_client     = @@character_set_client */;
/*!40101 SET character_set_client = utf8 */;
CREATE TABLE `evento_nivel` (
  `evni_id` int(11) NOT NULL AUTO_INCREMENT,
  `evni_code` varchar(3) DEFAULT NULL,
  `evni_nombre` varchar(45) DEFAULT NULL,
  `evni_fecha_inicio_evaluado` datetime DEFAULT NULL,
  `evni_fecha_fin_evaluado` datetime DEFAULT NULL,
  `even_id` int(11) NOT NULL,
  PRIMARY KEY (`evni_id`),
  KEY `fk_evento_nivel_evento1_idx` (`even_id`),
  CONSTRAINT `fk_evento_nivel_evento1` FOREIGN KEY (`even_id`) REFERENCES `evento` (`even_id`) ON DELETE CASCADE ON UPDATE NO ACTION
) ENGINE=InnoDB AUTO_INCREMENT=11 DEFAULT CHARSET=utf8;
/*!40101 SET character_set_client = @saved_cs_client */;

--
-- Dumping data for table `evento_nivel`
--

LOCK TABLES `evento_nivel` WRITE;
/*!40000 ALTER TABLE `evento_nivel` DISABLE KEYS */;
INSERT INTO `evento_nivel` VALUES (1,'EDF','Evaluación Documentaria FEC',NULL,NULL,0),(2,'EFF','Evaluación Financiera FEC',NULL,NULL,0),(3,'EVP','Evaluación Virtual - Comité de Pares',NULL,NULL,0),(4,'ECT','Evaluación Comisión Técnica FEC',NULL,NULL,0),(5,'EDR','Evaluación Directorio',NULL,NULL,0),(6,'EDF','Evaluación Documentaria FEC',NULL,NULL,11),(7,'EFF','Evaluación Financiera FEC',NULL,NULL,11),(8,'EVP','Evaluación Virtual - Comité de Pares',NULL,NULL,11),(9,'ECT','Evaluación Comisión Técnica FEC',NULL,NULL,11),(10,'EDR','Evaluación Directorio',NULL,NULL,11);
/*!40000 ALTER TABLE `evento_nivel` ENABLE KEYS */;
UNLOCK TABLES;

--
-- Table structure for table `financiamiento`
--

DROP TABLE IF EXISTS `financiamiento`;
/*!40101 SET @saved_cs_client     = @@character_set_client */;
/*!40101 SET character_set_client = utf8 */;
CREATE TABLE `financiamiento` (
  `fina_id` int(11) NOT NULL AUTO_INCREMENT,
  `fina_nombre` varchar(45) DEFAULT NULL,
  `fina_monto_solicitado` int(11) DEFAULT NULL,
  `fina_monto_financiar` int(11) DEFAULT NULL,
  `fina_fecha` varchar(45) DEFAULT NULL,
  PRIMARY KEY (`fina_id`)
) ENGINE=InnoDB DEFAULT CHARSET=utf8;
/*!40101 SET character_set_client = @saved_cs_client */;

--
-- Dumping data for table `financiamiento`
--

LOCK TABLES `financiamiento` WRITE;
/*!40000 ALTER TABLE `financiamiento` DISABLE KEYS */;
/*!40000 ALTER TABLE `financiamiento` ENABLE KEYS */;
UNLOCK TABLES;

--
-- Table structure for table `gasto_elegible`
--

DROP TABLE IF EXISTS `gasto_elegible`;
/*!40101 SET @saved_cs_client     = @@character_set_client */;
/*!40101 SET character_set_client = utf8 */;
CREATE TABLE `gasto_elegible` (
  `gael_id` int(11) NOT NULL AUTO_INCREMENT,
  `gael_nombre` varchar(200) DEFAULT NULL,
  `grup_id` int(11) NOT NULL,
  PRIMARY KEY (`gael_id`),
  KEY `fk_gasto_elegible_grupo1_idx` (`grup_id`),
  CONSTRAINT `fk_gasto_elegible_grupo1` FOREIGN KEY (`grup_id`) REFERENCES `grupo` (`grup_id`) ON DELETE NO ACTION ON UPDATE NO ACTION
) ENGINE=InnoDB AUTO_INCREMENT=1000 DEFAULT CHARSET=utf8;
/*!40101 SET character_set_client = @saved_cs_client */;

--
-- Dumping data for table `gasto_elegible`
--

LOCK TABLES `gasto_elegible` WRITE;
/*!40000 ALTER TABLE `gasto_elegible` DISABLE KEYS */;
INSERT INTO `gasto_elegible` VALUES (1,'Pasantía',1),(2,'Capacitación Docente',1),(3,'Entrenamiento / Taller',1),(4,'Estudios de reforma académica (identificación y diseño organizativo)',2),(5,'Modificaciones curriculares',2),(6,'Planes de mejora de procesos o estrategias pedagógicas',2),(7,'Capacitación \"in house\" uso de equipos educativos y operatividad de bibliotecas',2),(8,'Pago de docentes visitantes para mejora de estándares y criterios de evaluación académica',2),(9,'Maquinaria y Equipo',3),(10,'Mobiliario y enseres',3),(11,'Hardware',3),(12,'Software',3),(13,'Otros bienes',3),(14,'Instalación de equipos en edificios existentes',4),(15,'Mejora en infraestructura educativa o intervenciones menores',4),(16,'Bienes y Servicios para el desarrollo de procesos académicos y de gestión',5),(17,'Bienes y servicios para la estandarización, normalización y certificación de procesos aplicables a los PMI',5),(18,'Reparación de equipos',3),(999,'No Financiable por FEC',6);
/*!40000 ALTER TABLE `gasto_elegible` ENABLE KEYS */;
UNLOCK TABLES;

--
-- Table structure for table `grupo`
--

DROP TABLE IF EXISTS `grupo`;
/*!40101 SET @saved_cs_client     = @@character_set_client */;
/*!40101 SET character_set_client = utf8 */;
CREATE TABLE `grupo` (
  `grup_id` int(11) NOT NULL AUTO_INCREMENT,
  `grup_nombre` varchar(250) DEFAULT NULL,
  `grup_short` varchar(45) DEFAULT NULL,
  PRIMARY KEY (`grup_id`)
) ENGINE=InnoDB AUTO_INCREMENT=7 DEFAULT CHARSET=utf8;
/*!40101 SET character_set_client = @saved_cs_client */;

--
-- Dumping data for table `grupo`
--

LOCK TABLES `grupo` WRITE;
/*!40000 ALTER TABLE `grupo` DISABLE KEYS */;
INSERT INTO `grupo` VALUES (1,'Estímulos para la formación de recursos humanos','Recursos humanos'),(2,'Servicios de Consultoría para la mejora o impulso a reformas académicas y de gestión','Consultoría'),(3,'Equipamiento','Equipamiento'),(4,'Obras menores','Obras menores'),(5,'Fortalecimiento Institucional','Fortalec. Instituc.'),(6,'Otros','Otros');
/*!40000 ALTER TABLE `grupo` ENABLE KEYS */;
UNLOCK TABLES;

--
-- Table structure for table `item_gasto`
--

DROP TABLE IF EXISTS `item_gasto`;
/*!40101 SET @saved_cs_client     = @@character_set_client */;
/*!40101 SET character_set_client = utf8 */;
CREATE TABLE `item_gasto` (
  `itga_id` int(11) NOT NULL AUTO_INCREMENT,
  `itga_nombre` varchar(200) DEFAULT NULL,
  `itga_descripcion` text,
  `itga_precio` int(11) DEFAULT NULL,
  `itga_moneda` varchar(45) DEFAULT NULL,
  `itga_path` varchar(250) DEFAULT NULL,
  `itga_estado` int(11) DEFAULT NULL,
  `itga_fecha_creacion` timestamp NULL DEFAULT NULL,
  `itga_vigencia` varchar(45) DEFAULT NULL,
  `tiga_id` int(11) NOT NULL,
  `prov_id` int(11) NOT NULL,
  `itga_unidad` varchar(45) DEFAULT NULL,
  PRIMARY KEY (`itga_id`),
  KEY `fk_item_gasto_tipo_gasto1_idx` (`tiga_id`),
  KEY `fk_item_gasto_proveedor1_idx` (`prov_id`),
  CONSTRAINT `fk_item_gasto_proveedor1` FOREIGN KEY (`prov_id`) REFERENCES `proveedor` (`prov_id`) ON DELETE NO ACTION ON UPDATE NO ACTION,
  CONSTRAINT `fk_item_gasto_tipo_gasto1` FOREIGN KEY (`tiga_id`) REFERENCES `tipo_gasto` (`tiga_id`) ON DELETE NO ACTION ON UPDATE NO ACTION
) ENGINE=InnoDB AUTO_INCREMENT=38 DEFAULT CHARSET=utf8;
/*!40101 SET character_set_client = @saved_cs_client */;

--
-- Dumping data for table `item_gasto`
--

LOCK TABLES `item_gasto` WRITE;
/*!40000 ALTER TABLE `item_gasto` DISABLE KEYS */;
INSERT INTO `item_gasto` VALUES (2,'Core I7 - 4ta generación - 8GB RAM - 1GB Video','Computadora de escritorio, con procesador I7 de cuarta generación, con 1Gb de memoria RAM, 8 GBs de video, con monitor Samsung LED de 21\"',2800,'nuevos soles','FICHA001.pdf',1,NULL,'2 meses',12,1,NULL),(3,'Core I5 - 3ra generación - 4GB RAM - 500MB Video','Computadora de escritorio, con procesador I5 de tercera generación, con 4Gb de memoria RAM, 500 Mb de video, con monitor Samsung LED de 19\"',2100,NULL,'corei5.pdf',1,NULL,'3 meses',12,1,NULL),(4,'AMD A6 - 4Gb RAM - 1 Gb Video','Computadora de escritorio, con procesador AMD A6, con 4 Gb de memoria RAM, 1 Gb de video, con monitor Samsung LED de 22\"',2600,NULL,'amda6.pdf',1,NULL,'1 mes',12,1,NULL),(5,'Impresora Epson L 800','Impresora Epson L800, 37 páginas por minuto, USB 2.0, color negro',1500,NULL,'epson.pdf',1,NULL,'2 meses',13,1,NULL),(6,'Impresora Brother Inalámbrica','Impresora Brother Inalámbrica,  Láser Color  HL - 4570, 30 páginas por minuto',2000,NULL,'brother.pdf',1,NULL,'3 meses',13,1,NULL),(7,'Impresora Samsung Multifuncional','Impresora Samsung Multifuncional, Láser CLX-3185W - Negro, a colores y ambos lados.',1200,NULL,'samsung.pdf',1,NULL,'2 meses',13,1,NULL),(8,'Escáner fotográfico HP G3110','Escáner fotográfico HP G3110, óptica hasta 4800 ppp, conectividad USB 2.0',600,NULL,'hp.pdf',1,NULL,'4 meses',14,1,NULL),(9,'Escáner Brother color ADS - 2000 - negro','Escáner Brother color ADS - 2000 - negro',900,NULL,'escaner.pdf',1,NULL,'2 meses',14,1,NULL),(10,'Escáner Konica Minolta','Escáner Konica Minolta Bizhub 552 negro, Resolución de Scanner Máximo 600x600 dpi',2200,NULL,'konica.pdf',1,NULL,'1 mes',14,1,NULL),(11,'Escritorio 3 cajones','Escritorio Paris blanco 3 cajones 130x62x74 cm  Tvilum',300,NULL,'escritorio.pdf',1,NULL,'4 meses',31,1,NULL),(12,'Estante','Estante 3 repisas 2 puertas marrón  Moduart',400,NULL,'estante.pdf',1,NULL,'4 meses',31,1,NULL),(13,'Sillón','Sillón gerencial marrón  Asenti',350,NULL,'sillon.pdf',1,NULL,'4 meses',31,1,NULL),(14,'Pizarra interactiva','Display Interactivo CTOUCH de 84 pulgadas',4000,NULL,'pizarra.pdf',1,NULL,'2 meses',32,1,NULL),(15,'Carpeta Personal','Carpeta para Estudiante con Tablero de Melamina su asiento de Melamina en Tubo Redondo de Calidad',1500,NULL,'carpeta.pdf',1,NULL,'6 meses',32,1,NULL),(16,'Pizarra Acrílica','Pizarra Acrilica 2.50 X 1.25 Mts con Parantes',300,NULL,'acrilica.pdf',1,NULL,'6 meses',32,1,NULL),(17,'Centrifuga','Centrifuga Digital 12 Tubos 80-2c Max.',2000,NULL,'centrifuga.pdf',1,NULL,'3 meses',33,1,NULL),(18,'Microscopio','Microscopio Binocular Novex 86.025-led',3000,NULL,'microscopio.pdf',1,NULL,'3 meses',33,1,NULL),(19,'Tubos de ensayo','Tubos De Ensayo Vidrio X 12unidades C/corcho + Pergaminos',500,NULL,'tubo.pdf',1,NULL,'2 meses',33,1,NULL),(29,'Soldador','Soldadora Portatil Kemppi Minarc 150',1550,NULL,'soldador.pdf',1,NULL,'6 meses',34,1,NULL),(30,'Taladro','Taladro Radial De 1500 De Brazo Nuevo Busch Patente Aleman',11000,NULL,'taladro.pdf',1,NULL,'6 meses',34,1,NULL),(31,'Osciloscopio','Osciloscopio Uni-t 50mhz / 2ch / 1gs',2500,NULL,'osciloscopio.pdf',1,NULL,'3 meses',34,1,NULL),(32,'Windows 7','Windows 7 Professional 32 bits / 64 bits',350,NULL,'windows.pdf',1,NULL,'6 meses',35,1,NULL),(33,'Linux Red Hut','Linux Red Hut para un servidor',1000,NULL,'linux',1,NULL,'3 meses',35,1,NULL),(34,'Windows Server 2012','Windows Server 2012 para un servidor ',3000,NULL,'windowsserver',1,NULL,'12 meses',35,1,NULL),(35,'Norton antivirus','Norton antivirus Security - Sólida protección Norton para todos los dispositivos que usa',200,NULL,'norton.pdf',1,NULL,'6 meses',36,1,'U'),(36,'ESET  NOD32','ESET NOD32 Antivirus La tecnología más efectiva y veloz disponible para protegerte de todo tipo de malware sin afectar el rendimiento de tu equipo ',500,NULL,'eset.pdf',1,NULL,'4 meses',36,1,NULL),(37,'Bitdefender Total Security 2014 ','Bitdefender Total Security 2014 - ofrece la seguridad silenciosa definitiva para un estilo de vida centrado en la red, luchando contra todo tipo de e-amenazas con las mejores tecnologías antimalware.',200,NULL,'bitdefender.pdf',1,NULL,'5 meses',36,1,NULL);
/*!40000 ALTER TABLE `item_gasto` ENABLE KEYS */;
UNLOCK TABLES;

--
-- Table structure for table `proveedor`
--

DROP TABLE IF EXISTS `proveedor`;
/*!40101 SET @saved_cs_client     = @@character_set_client */;
/*!40101 SET character_set_client = utf8 */;
CREATE TABLE `proveedor` (
  `prov_id` int(11) NOT NULL AUTO_INCREMENT,
  `prov_nombre` varchar(250) DEFAULT NULL,
  `prov_razon_social` varchar(250) DEFAULT NULL,
  `prov_ruc` varchar(11) DEFAULT NULL,
  `prov_direccion` varchar(250) DEFAULT NULL,
  `prov_rubro` varchar(250) DEFAULT NULL,
  `prov_contacto` varchar(250) DEFAULT NULL,
  `prov_celular` varchar(9) DEFAULT NULL,
  `prov_antiguedad` varchar(45) DEFAULT NULL,
  PRIMARY KEY (`prov_id`)
) ENGINE=InnoDB AUTO_INCREMENT=2 DEFAULT CHARSET=utf8;
/*!40101 SET character_set_client = @saved_cs_client */;

--
-- Dumping data for table `proveedor`
--

LOCK TABLES `proveedor` WRITE;
/*!40000 ALTER TABLE `proveedor` DISABLE KEYS */;
INSERT INTO `proveedor` VALUES (1,'ITG','ITG Solutions','20202020202','Av. Garcilazo de la Vega 1231 - Lima Cercado','TI','Ángel Robles','987987987','4 años');
/*!40000 ALTER TABLE `proveedor` ENABLE KEYS */;
UNLOCK TABLES;

--
-- Table structure for table `tipo_gasto`
--

DROP TABLE IF EXISTS `tipo_gasto`;
/*!40101 SET @saved_cs_client     = @@character_set_client */;
/*!40101 SET character_set_client = utf8 */;
CREATE TABLE `tipo_gasto` (
  `tiga_id` int(11) NOT NULL AUTO_INCREMENT,
  `tiga_nombre` varchar(200) DEFAULT NULL,
  `gael_id` int(11) NOT NULL,
  PRIMARY KEY (`tiga_id`),
  KEY `fk_tipo_gasto_gasto_elegible1_idx` (`gael_id`),
  CONSTRAINT `fk_tipo_gasto_gasto_elegible1` FOREIGN KEY (`gael_id`) REFERENCES `gasto_elegible` (`gael_id`) ON DELETE NO ACTION ON UPDATE NO ACTION
) ENGINE=InnoDB AUTO_INCREMENT=37 DEFAULT CHARSET=utf8;
/*!40101 SET character_set_client = @saved_cs_client */;

--
-- Dumping data for table `tipo_gasto`
--

LOCK TABLES `tipo_gasto` WRITE;
/*!40000 ALTER TABLE `tipo_gasto` DISABLE KEYS */;
INSERT INTO `tipo_gasto` VALUES (1,'Pasajes',1),(2,'Alojamiento (max. 5 días)',1),(3,'Alimentación (max. 5 días)',1),(4,'Pasajes',2),(5,'Alojamiento (max. 5 días)',2),(6,'Alimentación (max. 5 días)',2),(7,'Costos de formación (Inscripción)',2),(8,'Pasajes',3),(9,'Alojamiento (max. 5 días)',3),(10,'Alimentación (max. 5 días)',3),(11,'Costo de taller',3),(12,'Computadora(PC)',11),(13,'Impresora',11),(14,'Escáner',11),(31,'Oficina',10),(32,'Aula',10),(33,'Laboratorio',9),(34,'Taller',9),(35,'Sistema Operativo',12),(36,'Antivirus',12);
/*!40000 ALTER TABLE `tipo_gasto` ENABLE KEYS */;
UNLOCK TABLES;

--
-- Table structure for table `user`
--

DROP TABLE IF EXISTS `user`;
/*!40101 SET @saved_cs_client     = @@character_set_client */;
/*!40101 SET character_set_client = utf8 */;
CREATE TABLE `user` (
  `id` int(11) NOT NULL AUTO_INCREMENT,
  `usuario` varchar(45) DEFAULT NULL,
  `clave` varchar(64) DEFAULT NULL,
  `perfil` int(11) DEFAULT NULL,
  `estado` varchar(45) DEFAULT NULL,
  PRIMARY KEY (`id`)
) ENGINE=InnoDB AUTO_INCREMENT=37 DEFAULT CHARSET=utf8 COMMENT='						';
/*!40101 SET character_set_client = @saved_cs_client */;

--
-- Dumping data for table `user`
--

LOCK TABLES `user` WRITE;
/*!40000 ALTER TABLE `user` DISABLE KEYS */;
INSERT INTO `user` VALUES (1,'evaluador','59d93f17e407fa3d41aa44890b453d8349100423356a307bbf2fa3fe706a28db',2,NULL),(14,NULL,NULL,1,NULL),(15,NULL,NULL,1,NULL),(16,NULL,NULL,1,NULL),(17,NULL,NULL,1,NULL),(18,NULL,NULL,1,NULL),(19,NULL,NULL,1,NULL),(20,NULL,NULL,1,NULL),(21,NULL,NULL,1,NULL),(22,NULL,NULL,1,NULL),(23,NULL,NULL,1,NULL),(24,NULL,NULL,1,NULL),(25,NULL,NULL,1,NULL),(26,NULL,NULL,1,NULL),(27,NULL,NULL,1,NULL),(28,NULL,NULL,1,NULL),(29,NULL,NULL,1,NULL),(30,NULL,NULL,1,NULL),(31,NULL,NULL,1,NULL),(32,NULL,NULL,1,NULL),(33,NULL,NULL,1,NULL),(34,NULL,NULL,1,NULL),(35,NULL,NULL,1,NULL),(36,NULL,NULL,1,NULL);
/*!40000 ALTER TABLE `user` ENABLE KEYS */;
UNLOCK TABLES;
/*!40103 SET TIME_ZONE=@OLD_TIME_ZONE */;

/*!40101 SET SQL_MODE=@OLD_SQL_MODE */;
/*!40014 SET FOREIGN_KEY_CHECKS=@OLD_FOREIGN_KEY_CHECKS */;
/*!40014 SET UNIQUE_CHECKS=@OLD_UNIQUE_CHECKS */;
/*!40101 SET CHARACTER_SET_CLIENT=@OLD_CHARACTER_SET_CLIENT */;
/*!40101 SET CHARACTER_SET_RESULTS=@OLD_CHARACTER_SET_RESULTS */;
/*!40101 SET COLLATION_CONNECTION=@OLD_COLLATION_CONNECTION */;
/*!40111 SET SQL_NOTES=@OLD_SQL_NOTES */;

-- Dump completed on 2015-06-30 13:02:28
